0.06557425,0.06557425,0.0289898989899,0.0289898989899,0.0289898989899,0.159898989899,0.159898989899,0.159898989899,0.159898989899,0.159898989899,0.159898989899,0.005,0.005,0.005,,2.1887245295e-19
0.06557425,0.06958,0.0289898989899,0.0289898989899,0.0289898989899,0.159898989899,0.159898989899,0.159898989899,0.0289898989899,0.0289898989899,0.0289898989899,0.005,0.005,0.005,,2.202564818e-19
0.06557425,0.13132,0.0289898989899,0.0289898989899,0.0289898989899,0.159898989899,0.159898989899,0.159898989899,0.0289898989899,0.0289898989899,0.0289898989899,0.005,0.005,0.005,,2.22868592588e-19
0.06557425,0.1029,0.0289898989899,0.0289898989899,0.0289898989899,0.159898989899,0.159898989899,0.159898989899,0.0289898989899,0.0289898989899,0.0289898989899,0.005,0.005,0.005,,2.24915395817e-19
0.06557425,0.05194,0.0289898989899,0.0289898989899,0.0289898989899,0.159898989899,0.159898989899,0.159898989899,0.0289898989899,0.0289898989899,0.0289898989899,0.005,0.005,0.005,,2.25948544114e-19
0.06557425,0.01421,0.0289898989899,0.0289898989899,0.0289898989899,0.159898989899,0.159898989899,0.159898989899,0.0289898989899,0.0289898989899,0.0289898989899,0.005,0.005,0.005,,2.26231197893e-19
0.06557425,0.02381908,0.0289898989899,0.0289898989899,0.0289898989899,0.159898989899,0.159898989899,0.159898989899,0.159898989899,0.159898989899,0.159898989899,0.005,0.005,0.005,,3.05734058644e-19
0.06557425,0.076112,0.0289898989899,0.0289898989899,0.0289898989899,0.159898989899,0.159898989899,0.159898989899,0.0289898989899,0.0289898989899,0.0289898989899,0.005,0.005,0.005,,3.07248016733e-19
0.06557425,0.05964,0.0289898989899,0.0289898989899,0.0289898989899,0.159898989899,0.159898989899,0.159898989899,0.0289898989899,0.0289898989899,0.0289898989899,0.005,0.005,0.005,,3.08434327176e-19
0.06557425,0.030104,0.0289898989899,0.0289898989899,0.0289898989899,0.159898989899,0.159898989899,0.159898989899,0.0289898989899,0.0289898989899,0.0289898989899,0.005,0.005,0.005,,3.09033131495e-19
0.06557425,0.008236,0.0289898989899,0.0289898989899,0.0289898989899,0.159898989899,0.159898989899,0.159898989899,0.0289898989899,0.0289898989899,0.0289898989899,0.005,0.005,0.005,,3.09196955318e-19
0.06557425,0.07770928,0.0289898989899,0.0289898989899,0.0289898989899,0.159898989899,0.159898989899,0.159898989899,0.159898989899,0.159898989899,0.159898989899,0.005,0.005,0.005,,5.68573474769e-19
0.06557425,0.11256,0.0289898989899,0.0289898989899,0.0289898989899,0.159898989899,0.159898989899,0.159898989899,0.0289898989899,0.0289898989899,0.0289898989899,0.005,0.005,0.005,,5.70812426873e-19
0.06557425,0.056816,0.0289898989899,0.0289898989899,0.0289898989899,0.159898989899,0.159898989899,0.159898989899,0.0289898989899,0.0289898989899,0.0289898989899,0.005,0.005,0.005,,5.71942564601e-19
0.06557425,0.015544,0.0289898989899,0.0289898989899,0.0289898989899,0.159898989899,0.159898989899,0.159898989899,0.0289898989899,0.0289898989899,0.0289898989899,0.005,0.005,0.005,,5.72251753225e-19
0.06557425,0.049077,0.0289898989899,0.0289898989899,0.0289898989899,0.159898989899,0.159898989899,0.159898989899,0.159898989899,0.159898989899,0.159898989899,0.005,0.005,0.005,,7.36060006822e-19
0.06557425,0.04452,0.0289898989899,0.0289898989899,0.0289898989899,0.159898989899,0.159898989899,0.159898989899,0.0289898989899,0.0289898989899,0.0289898989899,0.005,0.005,0.005,,7.36945562505e-19
0.06557425,0.01218,0.0289898989899,0.0289898989899,0.0289898989899,0.159898989899,0.159898989899,0.159898989899,0.0289898989899,0.0289898989899,0.0289898989899,0.005,0.005,0.005,,7.37187837173e-19
0.06557425,0.01407892,0.0289898989899,0.0289898989899,0.0289898989899,0.159898989899,0.159898989899,0.159898989899,0.159898989899,0.159898989899,0.159898989899,0.005,0.005,0.005,,7.84180181809e-19
0.06557425,0.006148,0.0289898989899,0.0289898989899,0.0289898989899,0.159898989899,0.159898989899,0.159898989899,0.0289898989899,0.0289898989899,0.0289898989899,0.005,0.005,0.005,,7.84302472832e-19
0.06557425,0.00168577,0.0289898989899,0.0289898989899,0.0289898989899,0.159898989899,0.159898989899,0.159898989899,0.159898989899,0.159898989899,0.159898989899,0.005,0.005,0.005,,7.89929203066e-19
0.06958,0.06557425,0.0289898989899,0.0289898989899,0.0289898989899,0.0289898989899,0.0289898989899,0.0289898989899,0.159898989899,0.159898989899,0.159898989899,0.005,0.005,0.005,,7.91313231916e-19
0.06958,0.06958,0.0289898989899,0.0289898989899,0.0289898989899,0.0289898989899,0.0289898989899,0.0289898989899,0.0289898989899,0.0289898989899,0.0289898989899,0.005,0.005,0.005,,7.91321983752e-19
0.06958,0.13132,0.0289898989899,0.0289898989899,0.0289898989899,0.0289898989899,0.0289898989899,0.0289898989899,0.0289898989899,0.0289898989899,0.0289898989899,0.005,0.005,0.005,,7.91338501302e-19
0.06958,0.1029,0.0289898989899,0.0289898989899,0.0289898989899,0.0289898989899,0.0289898989899,0.0289898989899,0.0289898989899,0.0289898989899,0.0289898989899,0.005,0.005,0.005,,7.91351444159e-19
0.06958,0.05194,0.0289898989899,0.0289898989899,0.0289898989899,0.0289898989899,0.0289898989899,0.0289898989899,0.0289898989899,0.0289898989899,0.0289898989899,0.005,0.005,0.005,,7.91357977219e-19
0.06958,0.01421,0.0289898989899,0.0289898989899,0.0289898989899,0.0289898989899,0.0289898989899,0.0289898989899,0.0289898989899,0.0289898989899,0.0289898989899,0.005,0.005,0.005,,7.91359764566e-19
0.06958,0.02381908,0.0289898989899,0.0289898989899,0.0289898989899,0.0289898989899,0.0289898989899,0.0289898989899,0.159898989899,0.159898989899,0.159898989899,0.005,0.005,0.005,,7.91862496872e-19
0.06958,0.076112,0.0289898989899,0.0289898989899,0.0289898989899,0.0289898989899,0.0289898989899,0.0289898989899,0.0289898989899,0.0289898989899,0.0289898989899,0.005,0.005,0.005,,7.91872070309e-19
0.06958,0.05964,0.0289898989899,0.0289898989899,0.0289898989899,0.0289898989899,0.0289898989899,0.0289898989899,0.0289898989899,0.0289898989899,0.0289898989899,0.005,0.005,0.005,,7.91879571883e-19
0.06958,0.030104,0.0289898989899,0.0289898989899,0.0289898989899,0.0289898989899,0.0289898989899,0.0289898989899,0.0289898989899,0.0289898989899,0.0289898989899,0.005,0.005,0.005,,7.91883358392e-19
0.06958,0.008236,0.0289898989899,0.0289898989899,0.0289898989899,0.0289898989899,0.0289898989899,0.0289898989899,0.0289898989899,0.0289898989899,0.0289898989899,0.005,0.005,0.005,,7.91884394323e-19
0.06958,0.07770928,0.0289898989899,0.0289898989899,0.0289898989899,0.0289898989899,0.0289898989899,0.0289898989899,0.159898989899,0.159898989899,0.159898989899,0.005,0.005,0.005,,7.93524548583e-19
0.06958,0.11256,0.0289898989899,0.0289898989899,0.0289898989899,0.0289898989899,0.0289898989899,0.0289898989899,0.0289898989899,0.0289898989899,0.0289898989899,0.005,0.005,0.005,,7.93538706483e-19
0.06958,0.056816,0.0289898989899,0.0289898989899,0.0289898989899,0.0289898989899,0.0289898989899,0.0289898989899,0.0289898989899,0.0289898989899,0.0289898989899,0.005,0.005,0.005,,7.93545852851e-19
0.06958,0.015544,0.0289898989899,0.0289898989899,0.0289898989899,0.0289898989899,0.0289898989899,0.0289898989899,0.0289898989899,0.0289898989899,0.0289898989899,0.005,0.005,0.005,,7.9354780799e-19
0.06958,0.049077,0.0289898989899,0.0289898989899,0.0289898989899,0.0289898989899,0.0289898989899,0.0289898989899,0.159898989899,0.159898989899,0.159898989899,0.005,0.005,0.005,,7.9458364117e-19
0.06958,0.04452,0.0289898989899,0.0289898989899,0.0289898989899,0.0289898989899,0.0289898989899,0.0289898989899,0.0289898989899,0.0289898989899,0.0289898989899,0.005,0.005,0.005,,7.94589240936e-19
0.06958,0.01218,0.0289898989899,0.0289898989899,0.0289898989899,0.0289898989899,0.0289898989899,0.0289898989899,0.0289898989899,0.0289898989899,0.0289898989899,0.005,0.005,0.005,,7.94590772948e-19
0.06958,0.01407892,0.0289898989899,0.0289898989899,0.0289898989899,0.0289898989899,0.0289898989899,0.0289898989899,0.159898989899,0.159898989899,0.159898989899,0.005,0.005,0.005,,7.94887926655e-19
0.06958,0.006148,0.0289898989899,0.0289898989899,0.0289898989899,0.0289898989899,0.0289898989899,0.0289898989899,0.0289898989899,0.0289898989899,0.0289898989899,0.005,0.005,0.005,,7.94888699956e-19
0.06958,0.00168577,0.0289898989899,0.0289898989899,0.0289898989899,0.0289898989899,0.0289898989899,0.0289898989899,0.159898989899,0.159898989899,0.159898989899,0.005,0.005,0.005,,7.94924280299e-19
0.13132,0.06557425,0.0289898989899,0.0289898989899,0.0289898989899,0.0289898989899,0.0289898989899,0.0289898989899,0.159898989899,0.159898989899,0.159898989899,0.005,0.005,0.005,,7.97536391086e-19
0.13132,0.06958,0.0289898989899,0.0289898989899,0.0289898989899,0.0289898989899,0.0289898989899,0.0289898989899,0.0289898989899,0.0289898989899,0.0289898989899,0.005,0.005,0.005,,7.97552908636e-19
0.13132,0.13132,0.0289898989899,0.0289898989899,0.0289898989899,0.0289898989899,0.0289898989899,0.0289898989899,0.0289898989899,0.0289898989899,0.0289898989899,0.005,0.005,0.005,,7.97584082604e-19
0.13132,0.1029,0.0289898989899,0.0289898989899,0.0289898989899,0.0289898989899,0.0289898989899,0.0289898989899,0.0289898989899,0.0289898989899,0.0289898989899,0.005,0.005,0.005,,7.97608509967e-19
0.13132,0.05194,0.0289898989899,0.0289898989899,0.0289898989899,0.0289898989899,0.0289898989899,0.0289898989899,0.0289898989899,0.0289898989899,0.0289898989899,0.005,0.005,0.005,,7.97620839969e-19
0.13132,0.01421,0.0289898989899,0.0289898989899,0.0289898989899,0.0289898989899,0.0289898989899,0.0289898989899,0.0289898989899,0.0289898989899,0.0289898989899,0.005,0.005,0.005,,7.97624213271e-19
0.13132,0.02381908,0.0289898989899,0.0289898989899,0.0289898989899,0.0289898989899,0.0289898989899,0.0289898989899,0.159898989899,0.159898989899,0.159898989899,0.005,0.005,0.005,,7.98573031989e-19
0.13132,0.076112,0.0289898989899,0.0289898989899,0.0289898989899,0.0289898989899,0.0289898989899,0.0289898989899,0.0289898989899,0.0289898989899,0.0289898989899,0.005,0.005,0.005,,7.98591100167e-19
0.13132,0.05964,0.0289898989899,0.0289898989899,0.0289898989899,0.0289898989899,0.0289898989899,0.0289898989899,0.0289898989899,0.0289898989899,0.0289898989899,0.005,0.005,0.005,,7.98605258067e-19
0.13132,0.030104,0.0289898989899,0.0289898989899,0.0289898989899,0.0289898989899,0.0289898989899,0.0289898989899,0.0289898989899,0.0289898989899,0.0289898989899,0.005,0.005,0.005,,7.98612404435e-19
0.13132,0.008236,0.0289898989899,0.0289898989899,0.0289898989899,0.0289898989899,0.0289898989899,0.0289898989899,0.0289898989899,0.0289898989899,0.0289898989899,0.005,0.005,0.005,,7.98614359574e-19
0.13132,0.07770928,0.0289898989899,0.0289898989899,0.0289898989899,0.0289898989899,0.0289898989899,0.0289898989899,0.159898989899,0.159898989899,0.159898989899,0.005,0.005,0.005,,8.01709861979e-19
0.13132,0.11256,0.0289898989899,0.0289898989899,0.0289898989899,0.0289898989899,0.0289898989899,0.0289898989899,0.0289898989899,0.0289898989899,0.0289898989899,0.005,0.005,0.005,,8.01736582523e-19
0.13132,0.056816,0.0289898989899,0.0289898989899,0.0289898989899,0.0289898989899,0.0289898989899,0.0289898989899,0.0289898989899,0.0289898989899,0.0289898989899,0.005,0.005,0.005,,8.01750070035e-19
0.13132,0.015544,0.0289898989899,0.0289898989899,0.0289898989899,0.0289898989899,0.0289898989899,0.0289898989899,0.0289898989899,0.0289898989899,0.0289898989899,0.005,0.005,0.005,,8.01753760015e-19
0.13132,0.049077,0.0289898989899,0.0289898989899,0.0289898989899,0.0289898989899,0.0289898989899,0.0289898989899,0.159898989899,0.159898989899,0.159898989899,0.005,0.005,0.005,,8.03708712777e-19
0.13132,0.04452,0.0289898989899,0.0289898989899,0.0289898989899,0.0289898989899,0.0289898989899,0.0289898989899,0.0289898989899,0.0289898989899,0.0289898989899,0.005,0.005,0.005,,8.0371928135e-19
0.13132,0.01218,0.0289898989899,0.0289898989899,0.0289898989899,0.0289898989899,0.0289898989899,0.0289898989899,0.0289898989899,0.0289898989899,0.0289898989899,0.005,0.005,0.005,,8.03722172752e-19
0.13132,0.01407892,0.0289898989899,0.0289898989899,0.0289898989899,0.0289898989899,0.0289898989899,0.0289898989899,0.159898989899,0.159898989899,0.159898989899,0.005,0.005,0.005,,8.04282998058e-19
0.13132,0.006148,0.0289898989899,0.0289898989899,0.0289898989899,0.0289898989899,0.0289898989899,0.0289898989899,0.0289898989899,0.0289898989899,0.0289898989899,0.005,0.005,0.005,,8.04284457527e-19
0.13132,0.00168577,0.0289898989899,0.0289898989899,0.0289898989899,0.0289898989899,0.0289898989899,0.0289898989899,0.159898989899,0.159898989899,0.159898989899,0.005,0.005,0.005,,8.04351609161e-19
0.1029,0.06557425,0.0289898989899,0.0289898989899,0.0289898989899,0.0289898989899,0.0289898989899,0.0289898989899,0.159898989899,0.159898989899,0.159898989899,0.005,0.005,0.005,,8.0639841239e-19
0.1029,0.06958,0.0289898989899,0.0289898989899,0.0289898989899,0.0289898989899,0.0289898989899,0.0289898989899,0.0289898989899,0.0289898989899,0.0289898989899,0.005,0.005,0.005,,8.06411355246e-19
0.1029,0.13132,0.0289898989899,0.0289898989899,0.0289898989899,0.0289898989899,0.0289898989899,0.0289898989899,0.0289898989899,0.0289898989899,0.0289898989899,0.005,0.005,0.005,,8.06435782609e-19
0.1029,0.1029,0.0289898989899,0.0289898989899,0.0289898989899,0.0289898989899,0.0289898989899,0.0289898989899,0.0289898989899,0.0289898989899,0.0289898989899,0.005,0.005,0.005,,8.06454923453e-19
0.1029,0.05194,0.0289898989899,0.0289898989899,0.0289898989899,0.0289898989899,0.0289898989899,0.0289898989899,0.0289898989899,0.0289898989899,0.0289898989899,0.005,0.005,0.005,,8.06464585022e-19
0.1029,0.01421,0.0289898989899,0.0289898989899,0.0289898989899,0.0289898989899,0.0289898989899,0.0289898989899,0.0289898989899,0.0289898989899,0.0289898989899,0.005,0.005,0.005,,8.06467228281e-19
0.1029,0.02381908,0.0289898989899,0.0289898989899,0.0289898989899,0.0289898989899,0.0289898989899,0.0289898989899,0.159898989899,0.159898989899,0.159898989899,0.005,0.005,0.005,,8.07210705635e-19
0.1029,0.076112,0.0289898989899,0.0289898989899,0.0289898989899,0.0289898989899,0.0289898989899,0.0289898989899,0.0289898989899,0.0289898989899,0.0289898989899,0.005,0.005,0.005,,8.07224863535e-19
0.1029,0.05964,0.0289898989899,0.0289898989899,0.0289898989899,0.0289898989899,0.0289898989899,0.0289898989899,0.0289898989899,0.0289898989899,0.0289898989899,0.005,0.005,0.005,,8.07235957412e-19
0.1029,0.030104,0.0289898989899,0.0289898989899,0.0289898989899,0.0289898989899,0.0289898989899,0.0289898989899,0.0289898989899,0.0289898989899,0.0289898989899,0.005,0.005,0.005,,8.07241557178e-19
0.1029,0.008236,0.0289898989899,0.0289898989899,0.0289898989899,0.0289898989899,0.0289898989899,0.0289898989899,0.0289898989899,0.0289898989899,0.0289898989899,0.005,0.005,0.005,,8.0724308919e-19
0.1029,0.07770928,0.0289898989899,0.0289898989899,0.0289898989899,0.0289898989899,0.0289898989899,0.0289898989899,0.159898989899,0.159898989899,0.159898989899,0.005,0.005,0.005,,8.09668669433e-19
0.1029,0.11256,0.0289898989899,0.0289898989899,0.0289898989899,0.0289898989899,0.0289898989899,0.0289898989899,0.0289898989899,0.0289898989899,0.0289898989899,0.005,0.005,0.005,,8.09689607172e-19
0.1029,0.056816,0.0289898989899,0.0289898989899,0.0289898989899,0.0289898989899,0.0289898989899,0.0289898989899,0.0289898989899,0.0289898989899,0.0289898989899,0.005,0.005,0.005,,8.09700175745e-19
0.1029,0.015544,0.0289898989899,0.0289898989899,0.0289898989899,0.0289898989899,0.0289898989899,0.0289898989899,0.0289898989899,0.0289898989899,0.0289898989899,0.005,0.005,0.005,,8.09703067147e-19
0.1029,0.049077,0.0289898989899,0.0289898989899,0.0289898989899,0.0289898989899,0.0289898989899,0.0289898989899,0.159898989899,0.159898989899,0.159898989899,0.005,0.005,0.005,,8.11234933117e-19
0.1029,0.04452,0.0289898989899,0.0289898989899,0.0289898989899,0.0289898989899,0.0289898989899,0.0289898989899,0.0289898989899,0.0289898989899,0.0289898989899,0.005,0.005,0.005,,8.11243214462e-19
0.1029,0.01218,0.0289898989899,0.0289898989899,0.0289898989899,0.0289898989899,0.0289898989899,0.0289898989899,0.0289898989899,0.0289898989899,0.0289898989899,0.005,0.005,0.005,,8.11245480113e-19
0.1029,0.01407892,0.0289898989899,0.0289898989899,0.0289898989899,0.0289898989899,0.0289898989899,0.0289898989899,0.159898989899,0.159898989899,0.159898989899,0.005,0.005,0.005,,8.11684932778e-19
0.1029,0.006148,0.0289898989899,0.0289898989899,0.0289898989899,0.0289898989899,0.0289898989899,0.0289898989899,0.0289898989899,0.0289898989899,0.0289898989899,0.005,0.005,0.005,,8.11686076392e-19
0.1029,0.00168577,0.0289898989899,0.0289898989899,0.0289898989899,0.0289898989899,0.0289898989899,0.0289898989899,0.159898989899,0.159898989899,0.159898989899,0.005,0.005,0.005,,8.1173869521e-19
0.05194,0.06557425,0.0289898989899,0.0289898989899,0.0289898989899,0.0289898989899,0.0289898989899,0.0289898989899,0.159898989899,0.159898989899,0.159898989899,0.005,0.005,0.005,,8.12771843506e-19
0.05194,0.06958,0.0289898989899,0.0289898989899,0.0289898989899,0.0289898989899,0.0289898989899,0.0289898989899,0.0289898989899,0.0289898989899,0.0289898989899,0.005,0.005,0.005,,8.12778376567e-19
0.05194,0.13132,0.0289898989899,0.0289898989899,0.0289898989899,0.0289898989899,0.0289898989899,0.0289898989899,0.0289898989899,0.0289898989899,0.0289898989899,0.005,0.005,0.005,,8.12790706569e-19
0.05194,0.1029,0.0289898989899,0.0289898989899,0.0289898989899,0.0289898989899,0.0289898989899,0.0289898989899,0.0289898989899,0.0289898989899,0.0289898989899,0.005,0.005,0.005,,8.12800368138e-19
0.05194,0.05194,0.0289898989899,0.0289898989899,0.0289898989899,0.0289898989899,0.0289898989899,0.0289898989899,0.0289898989899,0.0289898989899,0.0289898989899,0.005,0.005,0.005,,8.1280524493e-19
0.05194,0.01421,0.0289898989899,0.0289898989899,0.0289898989899,0.0289898989899,0.0289898989899,0.0289898989899,0.0289898989899,0.0289898989899,0.0289898989899,0.005,0.005,0.005,,8.12806579147e-19
0.05194,0.02381908,0.0289898989899,0.0289898989899,0.0289898989899,0.0289898989899,0.0289898989899,0.0289898989899,0.159898989899,0.159898989899,0.159898989899,0.005,0.005,0.005,,8.13181858192e-19
0.05194,0.076112,0.0289898989899,0.0289898989899,0.0289898989899,0.0289898989899,0.0289898989899,0.0289898989899,0.0289898989899,0.0289898989899,0.0289898989899,0.005,0.005,0.005,,8.1318900456e-19
0.05194,0.05964,0.0289898989899,0.0289898989899,0.0289898989899,0.0289898989899,0.0289898989899,0.0289898989899,0.0289898989899,0.0289898989899,0.0289898989899,0.005,0.005,0.005,,8.13194604327e-19
0.05194,0.030104,0.0289898989899,0.0289898989899,0.0289898989899,0.0289898989899,0.0289898989899,0.0289898989899,0.0289898989899,0.0289898989899,0.0289898989899,0.005,0.005,0.005,,8.13197430875e-19
0.05194,0.008236,0.0289898989899,0.0289898989899,0.0289898989899,0.0289898989899,0.0289898989899,0.0289898989899,0.0289898989899,0.0289898989899,0.0289898989899,0.005,0.005,0.005,,8.13198204177e-19
0.05194,0.07770928,0.0289898989899,0.0289898989899,0.0289898989899,0.0289898989899,0.0289898989899,0.0289898989899,0.159898989899,0.159898989899,0.159898989899,0.005,0.005,0.005,,8.1442254468e-19
0.05194,0.11256,0.0289898989899,0.0289898989899,0.0289898989899,0.0289898989899,0.0289898989899,0.0289898989899,0.0289898989899,0.0289898989899,0.0289898989899,0.005,0.005,0.005,,8.14433113253e-19
0.05194,0.056816,0.0289898989899,0.0289898989899,0.0289898989899,0.0289898989899,0.0289898989899,0.0289898989899,0.0289898989899,0.0289898989899,0.0289898989899,0.005,0.005,0.005,,8.14438447867e-19
0.05194,0.015544,0.0289898989899,0.0289898989899,0.0289898989899,0.0289898989899,0.0289898989899,0.0289898989899,0.0289898989899,0.0289898989899,0.0289898989899,0.005,0.005,0.005,,8.14439907336e-19
0.05194,0.049077,0.0289898989899,0.0289898989899,0.0289898989899,0.0289898989899,0.0289898989899,0.0289898989899,0.159898989899,0.159898989899,0.159898989899,0.005,0.005,0.005,,8.15213134921e-19
0.05194,0.04452,0.0289898989899,0.0289898989899,0.0289898989899,0.0289898989899,0.0289898989899,0.0289898989899,0.0289898989899,0.0289898989899,0.0289898989899,0.005,0.005,0.005,,8.15217315028e-19
0.05194,0.01218,0.0289898989899,0.0289898989899,0.0289898989899,0.0289898989899,0.0289898989899,0.0289898989899,0.0289898989899,0.0289898989899,0.0289898989899,0.005,0.005,0.005,,8.15218458643e-19
0.05194,0.01407892,0.0289898989899,0.0289898989899,0.0289898989899,0.0289898989899,0.0289898989899,0.0289898989899,0.159898989899,0.159898989899,0.159898989899,0.005,0.005,0.005,,8.15440277607e-19
0.05194,0.006148,0.0289898989899,0.0289898989899,0.0289898989899,0.0289898989899,0.0289898989899,0.0289898989899,0.0289898989899,0.0289898989899,0.0289898989899,0.005,0.005,0.005,,8.1544085486e-19
0.05194,0.00168577,0.0289898989899,0.0289898989899,0.0289898989899,0.0289898989899,0.0289898989899,0.0289898989899,0.159898989899,0.159898989899,0.159898989899,0.005,0.005,0.005,,8.15467414834e-19
0.01421,0.06557425,0.0289898989899,0.0289898989899,0.0289898989899,0.0289898989899,0.0289898989899,0.0289898989899,0.159898989899,0.159898989899,0.159898989899,0.005,0.005,0.005,,8.15750068613e-19
0.01421,0.06958,0.0289898989899,0.0289898989899,0.0289898989899,0.0289898989899,0.0289898989899,0.0289898989899,0.0289898989899,0.0289898989899,0.0289898989899,0.005,0.005,0.005,,8.1575185596e-19
0.01421,0.13132,0.0289898989899,0.0289898989899,0.0289898989899,0.0289898989899,0.0289898989899,0.0289898989899,0.0289898989899,0.0289898989899,0.0289898989899,0.005,0.005,0.005,,8.15755229263e-19
0.01421,0.1029,0.0289898989899,0.0289898989899,0.0289898989899,0.0289898989899,0.0289898989899,0.0289898989899,0.0289898989899,0.0289898989899,0.0289898989899,0.005,0.005,0.005,,8.15757872522e-19
0.01421,0.05194,0.0289898989899,0.0289898989899,0.0289898989899,0.0289898989899,0.0289898989899,0.0289898989899,0.0289898989899,0.0289898989899,0.0289898989899,0.005,0.005,0.005,,8.15759206739e-19
0.01421,0.01421,0.0289898989899,0.0289898989899,0.0289898989899,0.0289898989899,0.0289898989899,0.0289898989899,0.0289898989899,0.0289898989899,0.0289898989899,0.005,0.005,0.005,,8.1575957176e-19
0.01421,0.02381908,0.0289898989899,0.0289898989899,0.0289898989899,0.0289898989899,0.0289898989899,0.0289898989899,0.159898989899,0.159898989899,0.159898989899,0.005,0.005,0.005,,8.15862242442e-19
0.01421,0.076112,0.0289898989899,0.0289898989899,0.0289898989899,0.0289898989899,0.0289898989899,0.0289898989899,0.0289898989899,0.0289898989899,0.0289898989899,0.005,0.005,0.005,,8.15864197581e-19
0.01421,0.05964,0.0289898989899,0.0289898989899,0.0289898989899,0.0289898989899,0.0289898989899,0.0289898989899,0.0289898989899,0.0289898989899,0.0289898989899,0.005,0.005,0.005,,8.15865729593e-19
0.01421,0.030104,0.0289898989899,0.0289898989899,0.0289898989899,0.0289898989899,0.0289898989899,0.0289898989899,0.0289898989899,0.0289898989899,0.0289898989899,0.005,0.005,0.005,,8.15866502894e-19
0.01421,0.008236,0.0289898989899,0.0289898989899,0.0289898989899,0.0289898989899,0.0289898989899,0.0289898989899,0.0289898989899,0.0289898989899,0.0289898989899,0.005,0.005,0.005,,8.15866714457e-19
0.01421,0.07770928,0.0289898989899,0.0289898989899,0.0289898989899,0.0289898989899,0.0289898989899,0.0289898989899,0.159898989899,0.159898989899,0.159898989899,0.005,0.005,0.005,,8.16201675538e-19
0.01421,0.11256,0.0289898989899,0.0289898989899,0.0289898989899,0.0289898989899,0.0289898989899,0.0289898989899,0.0289898989899,0.0289898989899,0.0289898989899,0.005,0.005,0.005,,8.1620456694e-19
0.01421,0.056816,0.0289898989899,0.0289898989899,0.0289898989899,0.0289898989899,0.0289898989899,0.0289898989899,0.0289898989899,0.0289898989899,0.0289898989899,0.005,0.005,0.005,,8.1620602641e-19
0.01421,0.015544,0.0289898989899,0.0289898989899,0.0289898989899,0.0289898989899,0.0289898989899,0.0289898989899,0.0289898989899,0.0289898989899,0.0289898989899,0.005,0.005,0.005,,8.16206425699e-19
0.01421,0.049077,0.0289898989899,0.0289898989899,0.0289898989899,0.0289898989899,0.0289898989899,0.0289898989899,0.159898989899,0.159898989899,0.159898989899,0.005,0.005,0.005,,8.16417969095e-19
0.01421,0.04452,0.0289898989899,0.0289898989899,0.0289898989899,0.0289898989899,0.0289898989899,0.0289898989899,0.0289898989899,0.0289898989899,0.0289898989899,0.005,0.005,0.005,,8.16419112709e-19
0.01421,0.01218,0.0289898989899,0.0289898989899,0.0289898989899,0.0289898989899,0.0289898989899,0.0289898989899,0.0289898989899,0.0289898989899,0.0289898989899,0.005,0.005,0.005,,8.16419425585e-19
0.01421,0.01407892,0.0289898989899,0.0289898989899,0.0289898989899,0.0289898989899,0.0289898989899,0.0289898989899,0.159898989899,0.159898989899,0.159898989899,0.005,0.005,0.005,,8.16480111905e-19
0.01421,0.006148,0.0289898989899,0.0289898989899,0.0289898989899,0.0289898989899,0.0289898989899,0.0289898989899,0.0289898989899,0.0289898989899,0.0289898989899,0.005,0.005,0.005,,8.16480269833e-19
0.01421,0.00168577,0.0289898989899,0.0289898989899,0.0289898989899,0.0289898989899,0.0289898989899,0.0289898989899,0.159898989899,0.159898989899,0.159898989899,0.005,0.005,0.005,,8.16487536241e-19
0.02381908,0.06557425,0.0289898989899,0.0289898989899,0.0289898989899,0.159898989899,0.159898989899,0.159898989899,0.159898989899,0.159898989899,0.159898989899,0.005,0.005,0.005,,8.95990396992e-19
0.02381908,0.06958,0.0289898989899,0.0289898989899,0.0289898989899,0.159898989899,0.159898989899,0.159898989899,0.0289898989899,0.0289898989899,0.0289898989899,0.005,0.005,0.005,,8.96493129298e-19
0.02381908,0.13132,0.0289898989899,0.0289898989899,0.0289898989899,0.159898989899,0.159898989899,0.159898989899,0.0289898989899,0.0289898989899,0.0289898989899,0.005,0.005,0.005,,8.97441948016e-19
0.02381908,0.1029,0.0289898989899,0.0289898989899,0.0289898989899,0.159898989899,0.159898989899,0.159898989899,0.0289898989899,0.0289898989899,0.0289898989899,0.005,0.005,0.005,,8.9818542537e-19
0.02381908,0.05194,0.0289898989899,0.0289898989899,0.0289898989899,0.159898989899,0.159898989899,0.159898989899,0.0289898989899,0.0289898989899,0.0289898989899,0.005,0.005,0.005,,8.98560704415e-19
0.02381908,0.01421,0.0289898989899,0.0289898989899,0.0289898989899,0.159898989899,0.159898989899,0.159898989899,0.0289898989899,0.0289898989899,0.0289898989899,0.005,0.005,0.005,,8.98663375097e-19
0.02381908,0.02381908,0.0289898989899,0.0289898989899,0.0289898989899,0.159898989899,0.159898989899,0.159898989899,0.159898989899,0.159898989899,0.159898989899,0.005,0.005,0.005,,9.2754186018e-19
0.02381908,0.076112,0.0289898989899,0.0289898989899,0.0289898989899,0.159898989899,0.159898989899,0.159898989899,0.0289898989899,0.0289898989899,0.0289898989899,0.005,0.005,0.005,,9.28091787764e-19
0.02381908,0.05964,0.0289898989899,0.0289898989899,0.0289898989899,0.159898989899,0.159898989899,0.159898989899,0.0289898989899,0.0289898989899,0.0289898989899,0.005,0.005,0.005,,9.28522701169e-19
0.02381908,0.030104,0.0289898989899,0.0289898989899,0.0289898989899,0.159898989899,0.159898989899,0.159898989899,0.0289898989899,0.0289898989899,0.0289898989899,0.005,0.005,0.005,,9.2874020984e-19
0.02381908,0.008236,0.0289898989899,0.0289898989899,0.0289898989899,0.159898989899,0.159898989899,0.159898989899,0.0289898989899,0.0289898989899,0.0289898989899,0.005,0.005,0.005,,9.28799716929e-19
0.02381908,0.07770928,0.0289898989899,0.0289898989899,0.0289898989899,0.159898989899,0.159898989899,0.159898989899,0.159898989899,0.159898989899,0.159898989899,0.005,0.005,0.005,,1.0230152065e-18
0.02381908,0.11256,0.0289898989899,0.0289898989899,0.0289898989899,0.159898989899,0.159898989899,0.159898989899,0.0289898989899,0.0289898989899,0.0289898989899,0.005,0.005,0.005,,1.02382847969e-18
0.02381908,0.056816,0.0289898989899,0.0289898989899,0.0289898989899,0.159898989899,0.159898989899,0.159898989899,0.0289898989899,0.0289898989899,0.0289898989899,0.005,0.005,0.005,,1.02423898901e-18
0.02381908,0.015544,0.0289898989899,0.0289898989899,0.0289898989899,0.159898989899,0.159898989899,0.159898989899,0.0289898989899,0.0289898989899,0.0289898989899,0.005,0.005,0.005,,1.02435129816e-18
0.02381908,0.049077,0.0289898989899,0.0289898989899,0.0289898989899,0.159898989899,0.159898989899,0.159898989899,0.159898989899,0.159898989899,0.159898989899,0.005,0.005,0.005,,1.08385273199e-18
0.02381908,0.04452,0.0289898989899,0.0289898989899,0.0289898989899,0.159898989899,0.159898989899,0.159898989899,0.0289898989899,0.0289898989899,0.0289898989899,0.005,0.005,0.005,,1.08417439974e-18
0.02381908,0.01218,0.0289898989899,0.0289898989899,0.0289898989899,0.159898989899,0.159898989899,0.159898989899,0.0289898989899,0.0289898989899,0.0289898989899,0.005,0.005,0.005,,1.08426240318e-18
0.02381908,0.01407892,0.0289898989899,0.0289898989899,0.0289898989899,0.159898989899,0.159898989899,0.159898989899,0.159898989899,0.159898989899,0.159898989899,0.005,0.005,0.005,,1.10133182321e-18
0.02381908,0.006148,0.0289898989899,0.0289898989899,0.0289898989899,0.159898989899,0.159898989899,0.159898989899,0.0289898989899,0.0289898989899,0.0289898989899,0.005,0.005,0.005,,1.101376244e-18
0.02381908,0.00168577,0.0289898989899,0.0289898989899,0.0289898989899,0.159898989899,0.159898989899,0.159898989899,0.159898989899,0.159898989899,0.159898989899,0.005,0.005,0.005,,1.103420088e-18
0.076112,0.06557425,0.0289898989899,0.0289898989899,0.0289898989899,0.0289898989899,0.0289898989899,0.0289898989899,0.159898989899,0.159898989899,0.159898989899,0.005,0.005,0.005,,1.10493404609e-18
0.076112,0.06958,0.0289898989899,0.0289898989899,0.0289898989899,0.0289898989899,0.0289898989899,0.0289898989899,0.0289898989899,0.0289898989899,0.0289898989899,0.005,0.005,0.005,,1.10494361953e-18
0.076112,0.13132,0.0289898989899,0.0289898989899,0.0289898989899,0.0289898989899,0.0289898989899,0.0289898989899,0.0289898989899,0.0289898989899,0.0289898989899,0.005,0.005,0.005,,1.1049616877e-18
0.076112,0.1029,0.0289898989899,0.0289898989899,0.0289898989899,0.0289898989899,0.0289898989899,0.0289898989899,0.0289898989899,0.0289898989899,0.0289898989899,0.005,0.005,0.005,,1.1049758456e-18
0.076112,0.05194,0.0289898989899,0.0289898989899,0.0289898989899,0.0289898989899,0.0289898989899,0.0289898989899,0.0289898989899,0.0289898989899,0.0289898989899,0.005,0.005,0.005,,1.10498299197e-18
0.076112,0.01421,0.0289898989899,0.0289898989899,0.0289898989899,0.0289898989899,0.0289898989899,0.0289898989899,0.0289898989899,0.0289898989899,0.0289898989899,0.005,0.005,0.005,,1.10498494711e-18
0.076112,0.02381908,0.0289898989899,0.0289898989899,0.0289898989899,0.0289898989899,0.0289898989899,0.0289898989899,0.159898989899,0.159898989899,0.159898989899,0.005,0.005,0.005,,1.10553487469e-18
0.076112,0.076112,0.0289898989899,0.0289898989899,0.0289898989899,0.0289898989899,0.0289898989899,0.0289898989899,0.0289898989899,0.0289898989899,0.0289898989899,0.005,0.005,0.005,,1.10554534686e-18
0.076112,0.05964,0.0289898989899,0.0289898989899,0.0289898989899,0.0289898989899,0.0289898989899,0.0289898989899,0.0289898989899,0.0289898989899,0.0289898989899,0.005,0.005,0.005,,1.10555355266e-18
0.076112,0.030104,0.0289898989899,0.0289898989899,0.0289898989899,0.0289898989899,0.0289898989899,0.0289898989899,0.0289898989899,0.0289898989899,0.0289898989899,0.005,0.005,0.005,,1.10555769464e-18
0.076112,0.008236,0.0289898989899,0.0289898989899,0.0289898989899,0.0289898989899,0.0289898989899,0.0289898989899,0.0289898989899,0.0289898989899,0.0289898989899,0.005,0.005,0.005,,1.10555882782e-18
0.076112,0.07770928,0.0289898989899,0.0289898989899,0.0289898989899,0.0289898989899,0.0289898989899,0.0289898989899,0.159898989899,0.159898989899,0.159898989899,0.005,0.005,0.005,,1.10735295575e-18
0.076112,0.11256,0.0289898989899,0.0289898989899,0.0289898989899,0.0289898989899,0.0289898989899,0.0289898989899,0.0289898989899,0.0289898989899,0.0289898989899,0.005,0.005,0.005,,1.10736844276e-18
0.076112,0.056816,0.0289898989899,0.0289898989899,0.0289898989899,0.0289898989899,0.0289898989899,0.0289898989899,0.0289898989899,0.0289898989899,0.0289898989899,0.005,0.005,0.005,,1.10737626001e-18
0.076112,0.015544,0.0289898989899,0.0289898989899,0.0289898989899,0.0289898989899,0.0289898989899,0.0289898989899,0.0289898989899,0.0289898989899,0.0289898989899,0.005,0.005,0.005,,1.10737839869e-18
0.076112,0.049077,0.0289898989899,0.0289898989899,0.0289898989899,0.0289898989899,0.0289898989899,0.0289898989899,0.159898989899,0.159898989899,0.159898989899,0.005,0.005,0.005,,1.10851147335e-18
0.076112,0.04452,0.0289898989899,0.0289898989899,0.0289898989899,0.0289898989899,0.0289898989899,0.0289898989899,0.0289898989899,0.0289898989899,0.0289898989899,0.005,0.005,0.005,,1.10851759881e-18
0.076112,0.01218,0.0289898989899,0.0289898989899,0.0289898989899,0.0289898989899,0.0289898989899,0.0289898989899,0.0289898989899,0.0289898989899,0.0289898989899,0.005,0.005,0.005,,1.10851927465e-18
0.076112,0.01407892,0.0289898989899,0.0289898989899,0.0289898989899,0.0289898989899,0.0289898989899,0.0289898989899,0.159898989899,0.159898989899,0.159898989899,0.005,0.005,0.005,,1.10884432441e-18
0.076112,0.006148,0.0289898989899,0.0289898989899,0.0289898989899,0.0289898989899,0.0289898989899,0.0289898989899,0.0289898989899,0.0289898989899,0.0289898989899,0.005,0.005,0.005,,1.10884517031e-18
0.076112,0.00168577,0.0289898989899,0.0289898989899,0.0289898989899,0.0289898989899,0.0289898989899,0.0289898989899,0.159898989899,0.159898989899,0.159898989899,0.005,0.005,0.005,,1.10888409085e-18
0.05964,0.06557425,0.0289898989899,0.0289898989899,0.0289898989899,0.0289898989899,0.0289898989899,0.0289898989899,0.159898989899,0.159898989899,0.159898989899,0.005,0.005,0.005,,1.11007040129e-18
0.05964,0.06958,0.0289898989899,0.0289898989899,0.0289898989899,0.0289898989899,0.0289898989899,0.0289898989899,0.0289898989899,0.0289898989899,0.0289898989899,0.005,0.005,0.005,,1.11007790287e-18
0.05964,0.13132,0.0289898989899,0.0289898989899,0.0289898989899,0.0289898989899,0.0289898989899,0.0289898989899,0.0289898989899,0.0289898989899,0.0289898989899,0.005,0.005,0.005,,1.11009206077e-18
0.05964,0.1029,0.0289898989899,0.0289898989899,0.0289898989899,0.0289898989899,0.0289898989899,0.0289898989899,0.0289898989899,0.0289898989899,0.0289898989899,0.005,0.005,0.005,,1.11010315464e-18
0.05964,0.05194,0.0289898989899,0.0289898989899,0.0289898989899,0.0289898989899,0.0289898989899,0.0289898989899,0.0289898989899,0.0289898989899,0.0289898989899,0.005,0.005,0.005,,1.11010875441e-18
0.05964,0.01421,0.0289898989899,0.0289898989899,0.0289898989899,0.0289898989899,0.0289898989899,0.0289898989899,0.0289898989899,0.0289898989899,0.0289898989899,0.005,0.005,0.005,,1.11011028642e-18
0.05964,0.02381908,0.0289898989899,0.0289898989899,0.0289898989899,0.0289898989899,0.0289898989899,0.0289898989899,0.159898989899,0.159898989899,0.159898989899,0.005,0.005,0.005,,1.11054119983e-18
0.05964,0.076112,0.0289898989899,0.0289898989899,0.0289898989899,0.0289898989899,0.0289898989899,0.0289898989899,0.0289898989899,0.0289898989899,0.0289898989899,0.005,0.005,0.005,,1.11054940563e-18
0.05964,0.05964,0.0289898989899,0.0289898989899,0.0289898989899,0.0289898989899,0.0289898989899,0.0289898989899,0.0289898989899,0.0289898989899,0.0289898989899,0.005,0.005,0.005,,1.11055583555e-18
0.05964,0.030104,0.0289898989899,0.0289898989899,0.0289898989899,0.0289898989899,0.0289898989899,0.0289898989899,0.0289898989899,0.0289898989899,0.0289898989899,0.005,0.005,0.005,,1.11055908113e-18
0.05964,0.008236,0.0289898989899,0.0289898989899,0.0289898989899,0.0289898989899,0.0289898989899,0.0289898989899,0.0289898989899,0.0289898989899,0.0289898989899,0.005,0.005,0.005,,1.11055996907e-18
0.05964,0.07770928,0.0289898989899,0.0289898989899,0.0289898989899,0.0289898989899,0.0289898989899,0.0289898989899,0.159898989899,0.159898989899,0.159898989899,0.005,0.005,0.005,,1.11196581558e-18
0.05964,0.11256,0.0289898989899,0.0289898989899,0.0289898989899,0.0289898989899,0.0289898989899,0.0289898989899,0.0289898989899,0.0289898989899,0.0289898989899,0.005,0.005,0.005,,1.11197795092e-18
0.05964,0.056816,0.0289898989899,0.0289898989899,0.0289898989899,0.0289898989899,0.0289898989899,0.0289898989899,0.0289898989899,0.0289898989899,0.0289898989899,0.005,0.005,0.005,,1.11198407638e-18
0.05964,0.015544,0.0289898989899,0.0289898989899,0.0289898989899,0.0289898989899,0.0289898989899,0.0289898989899,0.0289898989899,0.0289898989899,0.0289898989899,0.005,0.005,0.005,,1.11198575221e-18
0.05964,0.049077,0.0289898989899,0.0289898989899,0.0289898989899,0.0289898989899,0.0289898989899,0.0289898989899,0.159898989899,0.159898989899,0.159898989899,0.005,0.005,0.005,,1.11287360923e-18
0.05964,0.04452,0.0289898989899,0.0289898989899,0.0289898989899,0.0289898989899,0.0289898989899,0.0289898989899,0.0289898989899,0.0289898989899,0.0289898989899,0.005,0.005,0.005,,1.11287840902e-18
0.05964,0.01218,0.0289898989899,0.0289898989899,0.0289898989899,0.0289898989899,0.0289898989899,0.0289898989899,0.0289898989899,0.0289898989899,0.0289898989899,0.005,0.005,0.005,,1.11287972218e-18
0.05964,0.01407892,0.0289898989899,0.0289898989899,0.0289898989899,0.0289898989899,0.0289898989899,0.0289898989899,0.159898989899,0.159898989899,0.159898989899,0.005,0.005,0.005,,1.11313442535e-18
0.05964,0.006148,0.0289898989899,0.0289898989899,0.0289898989899,0.0289898989899,0.0289898989899,0.0289898989899,0.0289898989899,0.0289898989899,0.0289898989899,0.005,0.005,0.005,,1.11313508818e-18
0.05964,0.00168577,0.0289898989899,0.0289898989899,0.0289898989899,0.0289898989899,0.0289898989899,0.0289898989899,0.159898989899,0.159898989899,0.159898989899,0.005,0.005,0.005,,1.11316558562e-18
0.030104,0.06557425,0.0289898989899,0.0289898989899,0.0289898989899,0.0289898989899,0.0289898989899,0.0289898989899,0.159898989899,0.159898989899,0.159898989899,0.005,0.005,0.005,,1.11376438994e-18
0.030104,0.06958,0.0289898989899,0.0289898989899,0.0289898989899,0.0289898989899,0.0289898989899,0.0289898989899,0.0289898989899,0.0289898989899,0.0289898989899,0.005,0.005,0.005,,1.11376817645e-18
0.030104,0.13132,0.0289898989899,0.0289898989899,0.0289898989899,0.0289898989899,0.0289898989899,0.0289898989899,0.0289898989899,0.0289898989899,0.0289898989899,0.005,0.005,0.005,,1.11377532282e-18
0.030104,0.1029,0.0289898989899,0.0289898989899,0.0289898989899,0.0289898989899,0.0289898989899,0.0289898989899,0.0289898989899,0.0289898989899,0.0289898989899,0.005,0.005,0.005,,1.11378092258e-18
0.030104,0.05194,0.0289898989899,0.0289898989899,0.0289898989899,0.0289898989899,0.0289898989899,0.0289898989899,0.0289898989899,0.0289898989899,0.0289898989899,0.005,0.005,0.005,,1.11378374913e-18
0.030104,0.01421,0.0289898989899,0.0289898989899,0.0289898989899,0.0289898989899,0.0289898989899,0.0289898989899,0.0289898989899,0.0289898989899,0.0289898989899,0.005,0.005,0.005,,1.11378452243e-18
0.030104,0.02381908,0.0289898989899,0.0289898989899,0.0289898989899,0.0289898989899,0.0289898989899,0.0289898989899,0.159898989899,0.159898989899,0.159898989899,0.005,0.005,0.005,,1.1140020311e-18
0.030104,0.076112,0.0289898989899,0.0289898989899,0.0289898989899,0.0289898989899,0.0289898989899,0.0289898989899,0.0289898989899,0.0289898989899,0.0289898989899,0.005,0.005,0.005,,1.11400617308e-18
0.030104,0.05964,0.0289898989899,0.0289898989899,0.0289898989899,0.0289898989899,0.0289898989899,0.0289898989899,0.0289898989899,0.0289898989899,0.0289898989899,0.005,0.005,0.005,,1.11400941866e-18
0.030104,0.030104,0.0289898989899,0.0289898989899,0.0289898989899,0.0289898989899,0.0289898989899,0.0289898989899,0.0289898989899,0.0289898989899,0.0289898989899,0.005,0.005,0.005,,1.11401105691e-18
0.030104,0.008236,0.0289898989899,0.0289898989899,0.0289898989899,0.0289898989899,0.0289898989899,0.0289898989899,0.0289898989899,0.0289898989899,0.0289898989899,0.005,0.005,0.005,,1.1140115051e-18
0.030104,0.07770928,0.0289898989899,0.0289898989899,0.0289898989899,0.0289898989899,0.0289898989899,0.0289898989899,0.159898989899,0.159898989899,0.159898989899,0.005,0.005,0.005,,1.11472112287e-18
0.030104,0.11256,0.0289898989899,0.0289898989899,0.0289898989899,0.0289898989899,0.0289898989899,0.0289898989899,0.0289898989899,0.0289898989899,0.0289898989899,0.005,0.005,0.005,,1.11472724832e-18
0.030104,0.056816,0.0289898989899,0.0289898989899,0.0289898989899,0.0289898989899,0.0289898989899,0.0289898989899,0.0289898989899,0.0289898989899,0.0289898989899,0.005,0.005,0.005,,1.11473034022e-18
0.030104,0.015544,0.0289898989899,0.0289898989899,0.0289898989899,0.0289898989899,0.0289898989899,0.0289898989899,0.0289898989899,0.0289898989899,0.0289898989899,0.005,0.005,0.005,,1.11473118612e-18
0.030104,0.049077,0.0289898989899,0.0289898989899,0.0289898989899,0.0289898989899,0.0289898989899,0.0289898989899,0.159898989899,0.159898989899,0.159898989899,0.005,0.005,0.005,,1.11517934252e-18
0.030104,0.04452,0.0289898989899,0.0289898989899,0.0289898989899,0.0289898989899,0.0289898989899,0.0289898989899,0.0289898989899,0.0289898989899,0.0289898989899,0.005,0.005,0.005,,1.11518176527e-18
0.030104,0.01218,0.0289898989899,0.0289898989899,0.0289898989899,0.0289898989899,0.0289898989899,0.0289898989899,0.0289898989899,0.0289898989899,0.0289898989899,0.005,0.005,0.005,,1.1151824281e-18
0.030104,0.01407892,0.0289898989899,0.0289898989899,0.0289898989899,0.0289898989899,0.0289898989899,0.0289898989899,0.159898989899,0.159898989899,0.159898989899,0.005,0.005,0.005,,1.11531099256e-18
0.030104,0.006148,0.0289898989899,0.0289898989899,0.0289898989899,0.0289898989899,0.0289898989899,0.0289898989899,0.0289898989899,0.0289898989899,0.0289898989899,0.005,0.005,0.005,,1.11531132713e-18
0.030104,0.00168577,0.0289898989899,0.0289898989899,0.0289898989899,0.0289898989899,0.0289898989899,0.0289898989899,0.159898989899,0.159898989899,0.159898989899,0.005,0.005,0.005,,1.11532672108e-18
0.008236,0.06557425,0.0289898989899,0.0289898989899,0.0289898989899,0.0289898989899,0.0289898989899,0.0289898989899,0.159898989899,0.159898989899,0.159898989899,0.005,0.005,0.005,,1.1154905449e-18
0.008236,0.06958,0.0289898989899,0.0289898989899,0.0289898989899,0.0289898989899,0.0289898989899,0.0289898989899,0.0289898989899,0.0289898989899,0.0289898989899,0.005,0.005,0.005,,1.11549158083e-18
0.008236,0.13132,0.0289898989899,0.0289898989899,0.0289898989899,0.0289898989899,0.0289898989899,0.0289898989899,0.0289898989899,0.0289898989899,0.0289898989899,0.005,0.005,0.005,,1.11549353597e-18
0.008236,0.1029,0.0289898989899,0.0289898989899,0.0289898989899,0.0289898989899,0.0289898989899,0.0289898989899,0.0289898989899,0.0289898989899,0.0289898989899,0.005,0.005,0.005,,1.11549506798e-18
0.008236,0.05194,0.0289898989899,0.0289898989899,0.0289898989899,0.0289898989899,0.0289898989899,0.0289898989899,0.0289898989899,0.0289898989899,0.0289898989899,0.005,0.005,0.005,,1.11549584128e-18
0.008236,0.01421,0.0289898989899,0.0289898989899,0.0289898989899,0.0289898989899,0.0289898989899,0.0289898989899,0.0289898989899,0.0289898989899,0.0289898989899,0.005,0.005,0.005,,1.11549605285e-18
0.008236,0.02381908,0.0289898989899,0.0289898989899,0.0289898989899,0.0289898989899,0.0289898989899,0.0289898989899,0.159898989899,0.159898989899,0.159898989899,0.005,0.005,0.005,,1.11555555994e-18
0.008236,0.076112,0.0289898989899,0.0289898989899,0.0289898989899,0.0289898989899,0.0289898989899,0.0289898989899,0.0289898989899,0.0289898989899,0.0289898989899,0.005,0.005,0.005,,1.11555669312e-18
0.008236,0.05964,0.0289898989899,0.0289898989899,0.0289898989899,0.0289898989899,0.0289898989899,0.0289898989899,0.0289898989899,0.0289898989899,0.0289898989899,0.005,0.005,0.005,,1.11555758106e-18
0.008236,0.030104,0.0289898989899,0.0289898989899,0.0289898989899,0.0289898989899,0.0289898989899,0.0289898989899,0.0289898989899,0.0289898989899,0.0289898989899,0.005,0.005,0.005,,1.11555802926e-18
0.008236,0.008236,0.0289898989899,0.0289898989899,0.0289898989899,0.0289898989899,0.0289898989899,0.0289898989899,0.0289898989899,0.0289898989899,0.0289898989899,0.005,0.005,0.005,,1.11555815188e-18
0.008236,0.07770928,0.0289898989899,0.0289898989899,0.0289898989899,0.0289898989899,0.0289898989899,0.0289898989899,0.159898989899,0.159898989899,0.159898989899,0.005,0.005,0.005,,1.11575229259e-18
0.008236,0.11256,0.0289898989899,0.0289898989899,0.0289898989899,0.0289898989899,0.0289898989899,0.0289898989899,0.0289898989899,0.0289898989899,0.0289898989899,0.005,0.005,0.005,,1.11575396842e-18
0.008236,0.056816,0.0289898989899,0.0289898989899,0.0289898989899,0.0289898989899,0.0289898989899,0.0289898989899,0.0289898989899,0.0289898989899,0.0289898989899,0.005,0.005,0.005,,1.11575481432e-18
0.008236,0.015544,0.0289898989899,0.0289898989899,0.0289898989899,0.0289898989899,0.0289898989899,0.0289898989899,0.0289898989899,0.0289898989899,0.0289898989899,0.005,0.005,0.005,,1.11575504574e-18
0.008236,0.049077,0.0289898989899,0.0289898989899,0.0289898989899,0.0289898989899,0.0289898989899,0.0289898989899,0.159898989899,0.159898989899,0.159898989899,0.005,0.005,0.005,,1.11587765457e-18
0.008236,0.04452,0.0289898989899,0.0289898989899,0.0289898989899,0.0289898989899,0.0289898989899,0.0289898989899,0.0289898989899,0.0289898989899,0.0289898989899,0.005,0.005,0.005,,1.1158783174e-18
0.008236,0.01218,0.0289898989899,0.0289898989899,0.0289898989899,0.0289898989899,0.0289898989899,0.0289898989899,0.0289898989899,0.0289898989899,0.0289898989899,0.005,0.005,0.005,,1.11587849874e-18
0.008236,0.01407892,0.0289898989899,0.0289898989899,0.0289898989899,0.0289898989899,0.0289898989899,0.0289898989899,0.159898989899,0.159898989899,0.159898989899,0.005,0.005,0.005,,1.11591367203e-18
0.008236,0.006148,0.0289898989899,0.0289898989899,0.0289898989899,0.0289898989899,0.0289898989899,0.0289898989899,0.0289898989899,0.0289898989899,0.0289898989899,0.005,0.005,0.005,,1.11591376357e-18
0.008236,0.00168577,0.0289898989899,0.0289898989899,0.0289898989899,0.0289898989899,0.0289898989899,0.0289898989899,0.159898989899,0.159898989899,0.159898989899,0.005,0.005,0.005,,1.11591797512e-18
0.07770928,0.06557425,0.0289898989899,0.0289898989899,0.0289898989899,0.159898989899,0.159898989899,0.159898989899,0.159898989899,0.159898989899,0.159898989899,0.005,0.005,0.005,,1.37529449457e-18
0.07770928,0.06958,0.0289898989899,0.0289898989899,0.0289898989899,0.159898989899,0.159898989899,0.159898989899,0.0289898989899,0.0289898989899,0.0289898989899,0.005,0.005,0.005,,1.37693464883e-18
0.07770928,0.13132,0.0289898989899,0.0289898989899,0.0289898989899,0.159898989899,0.159898989899,0.159898989899,0.0289898989899,0.0289898989899,0.0289898989899,0.005,0.005,0.005,,1.38003015123e-18
0.07770928,0.1029,0.0289898989899,0.0289898989899,0.0289898989899,0.159898989899,0.159898989899,0.159898989899,0.0289898989899,0.0289898989899,0.0289898989899,0.005,0.005,0.005,,1.38245573148e-18
0.07770928,0.05194,0.0289898989899,0.0289898989899,0.0289898989899,0.159898989899,0.159898989899,0.159898989899,0.0289898989899,0.0289898989899,0.0289898989899,0.005,0.005,0.005,,1.38368007198e-18
0.07770928,0.01421,0.0289898989899,0.0289898989899,0.0289898989899,0.159898989899,0.159898989899,0.159898989899,0.0289898989899,0.0289898989899,0.0289898989899,0.005,0.005,0.005,,1.38401503306e-18
0.07770928,0.02381908,0.0289898989899,0.0289898989899,0.0289898989899,0.159898989899,0.159898989899,0.159898989899,0.159898989899,0.159898989899,0.159898989899,0.005,0.005,0.005,,1.47823052263e-18
0.07770928,0.076112,0.0289898989899,0.0289898989899,0.0289898989899,0.159898989899,0.159898989899,0.159898989899,0.0289898989899,0.0289898989899,0.0289898989899,0.005,0.005,0.005,,1.48002465055e-18
0.07770928,0.05964,0.0289898989899,0.0289898989899,0.0289898989899,0.159898989899,0.159898989899,0.159898989899,0.0289898989899,0.0289898989899,0.0289898989899,0.005,0.005,0.005,,1.48143049706e-18
0.07770928,0.030104,0.0289898989899,0.0289898989899,0.0289898989899,0.159898989899,0.159898989899,0.159898989899,0.0289898989899,0.0289898989899,0.0289898989899,0.005,0.005,0.005,,1.48214011482e-18
0.07770928,0.008236,0.0289898989899,0.0289898989899,0.0289898989899,0.159898989899,0.159898989899,0.159898989899,0.0289898989899,0.0289898989899,0.0289898989899,0.005,0.005,0.005,,1.48233425553e-18
0.07770928,0.07770928,0.0289898989899,0.0289898989899,0.0289898989899,0.159898989899,0.159898989899,0.159898989899,0.159898989899,0.159898989899,0.159898989899,0.005,0.005,0.005,,1.78971043712e-18
0.07770928,0.11256,0.0289898989899,0.0289898989899,0.0289898989899,0.159898989899,0.159898989899,0.159898989899,0.0289898989899,0.0289898989899,0.0289898989899,0.005,0.005,0.005,,1.79236372489e-18
0.07770928,0.056816,0.0289898989899,0.0289898989899,0.0289898989899,0.159898989899,0.159898989899,0.159898989899,0.0289898989899,0.0289898989899,0.0289898989899,0.005,0.005,0.005,,1.79370300349e-18
0.07770928,0.015544,0.0289898989899,0.0289898989899,0.0289898989899,0.159898989899,0.159898989899,0.159898989899,0.0289898989899,0.0289898989899,0.0289898989899,0.005,0.005,0.005,,1.79406940989e-18
0.07770928,0.049077,0.0289898989899,0.0289898989899,0.0289898989899,0.159898989899,0.159898989899,0.159898989899,0.159898989899,0.159898989899,0.159898989899,0.005,0.005,0.005,,1.98819166741e-18
0.07770928,0.04452,0.0289898989899,0.0289898989899,0.0289898989899,0.159898989899,0.159898989899,0.159898989899,0.0289898989899,0.0289898989899,0.0289898989899,0.005,0.005,0.005,,1.98924110213e-18
0.07770928,0.01218,0.0289898989899,0.0289898989899,0.0289898989899,0.159898989899,0.159898989899,0.159898989899,0.0289898989899,0.0289898989899,0.0289898989899,0.005,0.005,0.005,,1.98952821163e-18
0.07770928,0.01407892,0.0289898989899,0.0289898989899,0.0289898989899,0.159898989899,0.159898989899,0.159898989899,0.159898989899,0.159898989899,0.159898989899,0.005,0.005,0.005,,2.04521685873e-18
0.07770928,0.006148,0.0289898989899,0.0289898989899,0.0289898989899,0.159898989899,0.159898989899,0.159898989899,0.0289898989899,0.0289898989899,0.0289898989899,0.005,0.005,0.005,,2.04536178067e-18
0.07770928,0.00168577,0.0289898989899,0.0289898989899,0.0289898989899,0.159898989899,0.159898989899,0.159898989899,0.159898989899,0.159898989899,0.159898989899,0.005,0.005,0.005,,2.05202978152e-18
0.11256,0.06557425,0.0289898989899,0.0289898989899,0.0289898989899,0.0289898989899,0.0289898989899,0.0289898989899,0.159898989899,0.159898989899,0.159898989899,0.005,0.005,0.005,,2.05426873363e-18
0.11256,0.06958,0.0289898989899,0.0289898989899,0.0289898989899,0.0289898989899,0.0289898989899,0.0289898989899,0.0289898989899,0.0289898989899,0.0289898989899,0.005,0.005,0.005,,2.05428289153e-18
0.11256,0.13132,0.0289898989899,0.0289898989899,0.0289898989899,0.0289898989899,0.0289898989899,0.0289898989899,0.0289898989899,0.0289898989899,0.0289898989899,0.005,0.005,0.005,,2.05430961207e-18
0.11256,0.1029,0.0289898989899,0.0289898989899,0.0289898989899,0.0289898989899,0.0289898989899,0.0289898989899,0.0289898989899,0.0289898989899,0.0289898989899,0.005,0.005,0.005,,2.05433054981e-18
0.11256,0.05194,0.0289898989899,0.0289898989899,0.0289898989899,0.0289898989899,0.0289898989899,0.0289898989899,0.0289898989899,0.0289898989899,0.0289898989899,0.005,0.005,0.005,,2.05434111838e-18
0.11256,0.01421,0.0289898989899,0.0289898989899,0.0289898989899,0.0289898989899,0.0289898989899,0.0289898989899,0.0289898989899,0.0289898989899,0.0289898989899,0.005,0.005,0.005,,2.05434400979e-18
0.11256,0.02381908,0.0289898989899,0.0289898989899,0.0289898989899,0.0289898989899,0.0289898989899,0.0289898989899,0.159898989899,0.159898989899,0.159898989899,0.005,0.005,0.005,,2.05515728297e-18
0.11256,0.076112,0.0289898989899,0.0289898989899,0.0289898989899,0.0289898989899,0.0289898989899,0.0289898989899,0.0289898989899,0.0289898989899,0.0289898989899,0.005,0.005,0.005,,2.05517276998e-18
0.11256,0.05964,0.0289898989899,0.0289898989899,0.0289898989899,0.0289898989899,0.0289898989899,0.0289898989899,0.0289898989899,0.0289898989899,0.0289898989899,0.005,0.005,0.005,,2.05518490532e-18
0.11256,0.030104,0.0289898989899,0.0289898989899,0.0289898989899,0.0289898989899,0.0289898989899,0.0289898989899,0.0289898989899,0.0289898989899,0.0289898989899,0.005,0.005,0.005,,2.05519103078e-18
0.11256,0.008236,0.0289898989899,0.0289898989899,0.0289898989899,0.0289898989899,0.0289898989899,0.0289898989899,0.0289898989899,0.0289898989899,0.0289898989899,0.005,0.005,0.005,,2.05519270662e-18
0.11256,0.07770928,0.0289898989899,0.0289898989899,0.0289898989899,0.0289898989899,0.0289898989899,0.0289898989899,0.159898989899,0.159898989899,0.159898989899,0.005,0.005,0.005,,2.05784599439e-18
0.11256,0.11256,0.0289898989899,0.0289898989899,0.0289898989899,0.0289898989899,0.0289898989899,0.0289898989899,0.0289898989899,0.0289898989899,0.0289898989899,0.005,0.005,0.005,,2.05786889771e-18
0.11256,0.056816,0.0289898989899,0.0289898989899,0.0289898989899,0.0289898989899,0.0289898989899,0.0289898989899,0.0289898989899,0.0289898989899,0.0289898989899,0.005,0.005,0.005,,2.05788045844e-18
0.11256,0.015544,0.0289898989899,0.0289898989899,0.0289898989899,0.0289898989899,0.0289898989899,0.0289898989899,0.0289898989899,0.0289898989899,0.0289898989899,0.005,0.005,0.005,,2.05788362128e-18
0.11256,0.049077,0.0289898989899,0.0289898989899,0.0289898989899,0.0289898989899,0.0289898989899,0.0289898989899,0.159898989899,0.159898989899,0.159898989899,0.005,0.005,0.005,,2.05955929508e-18
0.11256,0.04452,0.0289898989899,0.0289898989899,0.0289898989899,0.0289898989899,0.0289898989899,0.0289898989899,0.0289898989899,0.0289898989899,0.0289898989899,0.005,0.005,0.005,,2.05956835385e-18
0.11256,0.01218,0.0289898989899,0.0289898989899,0.0289898989899,0.0289898989899,0.0289898989899,0.0289898989899,0.0289898989899,0.0289898989899,0.0289898989899,0.005,0.005,0.005,,2.0595708322e-18
0.11256,0.01407892,0.0289898989899,0.0289898989899,0.0289898989899,0.0289898989899,0.0289898989899,0.0289898989899,0.159898989899,0.159898989899,0.159898989899,0.005,0.005,0.005,,2.0600515396e-18
0.11256,0.006148,0.0289898989899,0.0289898989899,0.0289898989899,0.0289898989899,0.0289898989899,0.0289898989899,0.0289898989899,0.0289898989899,0.0289898989899,0.005,0.005,0.005,,2.06005279058e-18
0.11256,0.00168577,0.0289898989899,0.0289898989899,0.0289898989899,0.0289898989899,0.0289898989899,0.0289898989899,0.159898989899,0.159898989899,0.159898989899,0.005,0.005,0.005,,2.06011034912e-18
0.056816,0.06557425,0.0289898989899,0.0289898989899,0.0289898989899,0.0289898989899,0.0289898989899,0.0289898989899,0.159898989899,0.159898989899,0.159898989899,0.005,0.005,0.005,,2.06124048685e-18
0.056816,0.06958,0.0289898989899,0.0289898989899,0.0289898989899,0.0289898989899,0.0289898989899,0.0289898989899,0.0289898989899,0.0289898989899,0.0289898989899,0.005,0.005,0.005,,2.06124763322e-18
0.056816,0.13132,0.0289898989899,0.0289898989899,0.0289898989899,0.0289898989899,0.0289898989899,0.0289898989899,0.0289898989899,0.0289898989899,0.0289898989899,0.005,0.005,0.005,,2.06126112073e-18
0.056816,0.1029,0.0289898989899,0.0289898989899,0.0289898989899,0.0289898989899,0.0289898989899,0.0289898989899,0.0289898989899,0.0289898989899,0.0289898989899,0.005,0.005,0.005,,2.0612716893e-18
0.056816,0.05194,0.0289898989899,0.0289898989899,0.0289898989899,0.0289898989899,0.0289898989899,0.0289898989899,0.0289898989899,0.0289898989899,0.0289898989899,0.005,0.005,0.005,,2.06127702392e-18
0.056816,0.01421,0.0289898989899,0.0289898989899,0.0289898989899,0.0289898989899,0.0289898989899,0.0289898989899,0.0289898989899,0.0289898989899,0.0289898989899,0.005,0.005,0.005,,2.06127848338e-18
0.056816,0.02381908,0.0289898989899,0.0289898989899,0.0289898989899,0.0289898989899,0.0289898989899,0.0289898989899,0.159898989899,0.159898989899,0.159898989899,0.005,0.005,0.005,,2.06168899271e-18
0.056816,0.076112,0.0289898989899,0.0289898989899,0.0289898989899,0.0289898989899,0.0289898989899,0.0289898989899,0.0289898989899,0.0289898989899,0.0289898989899,0.005,0.005,0.005,,2.06169680996e-18
0.056816,0.05964,0.0289898989899,0.0289898989899,0.0289898989899,0.0289898989899,0.0289898989899,0.0289898989899,0.0289898989899,0.0289898989899,0.0289898989899,0.005,0.005,0.005,,2.06170293542e-18
0.056816,0.030104,0.0289898989899,0.0289898989899,0.0289898989899,0.0289898989899,0.0289898989899,0.0289898989899,0.0289898989899,0.0289898989899,0.0289898989899,0.005,0.005,0.005,,2.06170602732e-18
0.056816,0.008236,0.0289898989899,0.0289898989899,0.0289898989899,0.0289898989899,0.0289898989899,0.0289898989899,0.0289898989899,0.0289898989899,0.0289898989899,0.005,0.005,0.005,,2.06170687321e-18
0.056816,0.07770928,0.0289898989899,0.0289898989899,0.0289898989899,0.0289898989899,0.0289898989899,0.0289898989899,0.159898989899,0.159898989899,0.159898989899,0.005,0.005,0.005,,2.06304615181e-18
0.056816,0.11256,0.0289898989899,0.0289898989899,0.0289898989899,0.0289898989899,0.0289898989899,0.0289898989899,0.0289898989899,0.0289898989899,0.0289898989899,0.005,0.005,0.005,,2.06305771253e-18
0.056816,0.056816,0.0289898989899,0.0289898989899,0.0289898989899,0.0289898989899,0.0289898989899,0.0289898989899,0.0289898989899,0.0289898989899,0.0289898989899,0.005,0.005,0.005,,2.06306354794e-18
0.056816,0.015544,0.0289898989899,0.0289898989899,0.0289898989899,0.0289898989899,0.0289898989899,0.0289898989899,0.0289898989899,0.0289898989899,0.0289898989899,0.005,0.005,0.005,,2.06306514442e-18
0.056816,0.049077,0.0289898989899,0.0289898989899,0.0289898989899,0.0289898989899,0.0289898989899,0.0289898989899,0.159898989899,0.159898989899,0.159898989899,0.005,0.005,0.005,,2.06391096072e-18
0.056816,0.04452,0.0289898989899,0.0289898989899,0.0289898989899,0.0289898989899,0.0289898989899,0.0289898989899,0.0289898989899,0.0289898989899,0.0289898989899,0.005,0.005,0.005,,2.06391553325e-18
0.056816,0.01218,0.0289898989899,0.0289898989899,0.0289898989899,0.0289898989899,0.0289898989899,0.0289898989899,0.0289898989899,0.0289898989899,0.0289898989899,0.005,0.005,0.005,,2.06391678422e-18
0.056816,0.01407892,0.0289898989899,0.0289898989899,0.0289898989899,0.0289898989899,0.0289898989899,0.0289898989899,0.159898989899,0.159898989899,0.159898989899,0.005,0.005,0.005,,2.06415942701e-18
0.056816,0.006148,0.0289898989899,0.0289898989899,0.0289898989899,0.0289898989899,0.0289898989899,0.0289898989899,0.0289898989899,0.0289898989899,0.0289898989899,0.005,0.005,0.005,,2.06416005845e-18
0.056816,0.00168577,0.0289898989899,0.0289898989899,0.0289898989899,0.0289898989899,0.0289898989899,0.0289898989899,0.159898989899,0.159898989899,0.159898989899,0.005,0.005,0.005,,2.06418911181e-18
0.015544,0.06557425,0.0289898989899,0.0289898989899,0.0289898989899,0.0289898989899,0.0289898989899,0.0289898989899,0.159898989899,0.159898989899,0.159898989899,0.005,0.005,0.005,,2.06449830043e-18
0.015544,0.06958,0.0289898989899,0.0289898989899,0.0289898989899,0.0289898989899,0.0289898989899,0.0289898989899,0.0289898989899,0.0289898989899,0.0289898989899,0.005,0.005,0.005,,2.06450025557e-18
0.015544,0.13132,0.0289898989899,0.0289898989899,0.0289898989899,0.0289898989899,0.0289898989899,0.0289898989899,0.0289898989899,0.0289898989899,0.0289898989899,0.005,0.005,0.005,,2.06450394555e-18
0.015544,0.1029,0.0289898989899,0.0289898989899,0.0289898989899,0.0289898989899,0.0289898989899,0.0289898989899,0.0289898989899,0.0289898989899,0.0289898989899,0.005,0.005,0.005,,2.06450683695e-18
0.015544,0.05194,0.0289898989899,0.0289898989899,0.0289898989899,0.0289898989899,0.0289898989899,0.0289898989899,0.0289898989899,0.0289898989899,0.0289898989899,0.005,0.005,0.005,,2.06450829642e-18
0.015544,0.01421,0.0289898989899,0.0289898989899,0.0289898989899,0.0289898989899,0.0289898989899,0.0289898989899,0.0289898989899,0.0289898989899,0.0289898989899,0.005,0.005,0.005,,2.06450869571e-18
0.015544,0.02381908,0.0289898989899,0.0289898989899,0.0289898989899,0.0289898989899,0.0289898989899,0.0289898989899,0.159898989899,0.159898989899,0.159898989899,0.005,0.005,0.005,,2.06462100487e-18
0.015544,0.076112,0.0289898989899,0.0289898989899,0.0289898989899,0.0289898989899,0.0289898989899,0.0289898989899,0.0289898989899,0.0289898989899,0.0289898989899,0.005,0.005,0.005,,2.06462314355e-18
0.015544,0.05964,0.0289898989899,0.0289898989899,0.0289898989899,0.0289898989899,0.0289898989899,0.0289898989899,0.0289898989899,0.0289898989899,0.0289898989899,0.005,0.005,0.005,,2.06462481938e-18
0.015544,0.030104,0.0289898989899,0.0289898989899,0.0289898989899,0.0289898989899,0.0289898989899,0.0289898989899,0.0289898989899,0.0289898989899,0.0289898989899,0.005,0.005,0.005,,2.06462566528e-18
0.015544,0.008236,0.0289898989899,0.0289898989899,0.0289898989899,0.0289898989899,0.0289898989899,0.0289898989899,0.0289898989899,0.0289898989899,0.0289898989899,0.005,0.005,0.005,,2.0646258967e-18
0.015544,0.07770928,0.0289898989899,0.0289898989899,0.0289898989899,0.0289898989899,0.0289898989899,0.0289898989899,0.159898989899,0.159898989899,0.159898989899,0.005,0.005,0.005,,2.06499230311e-18
0.015544,0.11256,0.0289898989899,0.0289898989899,0.0289898989899,0.0289898989899,0.0289898989899,0.0289898989899,0.0289898989899,0.0289898989899,0.0289898989899,0.005,0.005,0.005,,2.06499546595e-18
0.015544,0.056816,0.0289898989899,0.0289898989899,0.0289898989899,0.0289898989899,0.0289898989899,0.0289898989899,0.0289898989899,0.0289898989899,0.0289898989899,0.005,0.005,0.005,,2.06499706243e-18
0.015544,0.015544,0.0289898989899,0.0289898989899,0.0289898989899,0.0289898989899,0.0289898989899,0.0289898989899,0.0289898989899,0.0289898989899,0.0289898989899,0.005,0.005,0.005,,2.06499749921e-18
0.015544,0.049077,0.0289898989899,0.0289898989899,0.0289898989899,0.0289898989899,0.0289898989899,0.0289898989899,0.159898989899,0.159898989899,0.159898989899,0.005,0.005,0.005,,2.06522890178e-18
0.015544,0.04452,0.0289898989899,0.0289898989899,0.0289898989899,0.0289898989899,0.0289898989899,0.0289898989899,0.0289898989899,0.0289898989899,0.0289898989899,0.005,0.005,0.005,,2.06523015275e-18
0.015544,0.01218,0.0289898989899,0.0289898989899,0.0289898989899,0.0289898989899,0.0289898989899,0.0289898989899,0.0289898989899,0.0289898989899,0.0289898989899,0.005,0.005,0.005,,2.065230495e-18
0.015544,0.01407892,0.0289898989899,0.0289898989899,0.0289898989899,0.0289898989899,0.0289898989899,0.0289898989899,0.159898989899,0.159898989899,0.159898989899,0.005,0.005,0.005,,2.0652968784e-18
0.015544,0.006148,0.0289898989899,0.0289898989899,0.0289898989899,0.0289898989899,0.0289898989899,0.0289898989899,0.0289898989899,0.0289898989899,0.0289898989899,0.005,0.005,0.005,,2.06529705116e-18
0.015544,0.00168577,0.0289898989899,0.0289898989899,0.0289898989899,0.0289898989899,0.0289898989899,0.0289898989899,0.159898989899,0.159898989899,0.159898989899,0.005,0.005,0.005,,2.06530499972e-18
0.049077,0.06557425,0.0289898989899,0.0289898989899,0.0289898989899,0.159898989899,0.159898989899,0.159898989899,0.159898989899,0.159898989899,0.159898989899,0.005,0.005,0.005,,2.22911325331e-18
0.049077,0.06958,0.0289898989899,0.0289898989899,0.0289898989899,0.159898989899,0.159898989899,0.159898989899,0.0289898989899,0.0289898989899,0.0289898989899,0.005,0.005,0.005,,2.23014908649e-18
0.049077,0.13132,0.0289898989899,0.0289898989899,0.0289898989899,0.159898989899,0.159898989899,0.159898989899,0.0289898989899,0.0289898989899,0.0289898989899,0.005,0.005,0.005,,2.23210403925e-18
0.049077,0.1029,0.0289898989899,0.0289898989899,0.0289898989899,0.159898989899,0.159898989899,0.159898989899,0.0289898989899,0.0289898989899,0.0289898989899,0.005,0.005,0.005,,2.23363590522e-18
0.049077,0.05194,0.0289898989899,0.0289898989899,0.0289898989899,0.159898989899,0.159898989899,0.159898989899,0.0289898989899,0.0289898989899,0.0289898989899,0.005,0.005,0.005,,2.23440913281e-18
0.049077,0.01421,0.0289898989899,0.0289898989899,0.0289898989899,0.159898989899,0.159898989899,0.159898989899,0.0289898989899,0.0289898989899,0.0289898989899,0.005,0.005,0.005,,2.23462067621e-18
0.049077,0.02381908,0.0289898989899,0.0289898989899,0.0289898989899,0.159898989899,0.159898989899,0.159898989899,0.159898989899,0.159898989899,0.159898989899,0.005,0.005,0.005,,2.29412211003e-18
0.049077,0.076112,0.0289898989899,0.0289898989899,0.0289898989899,0.159898989899,0.159898989899,0.159898989899,0.0289898989899,0.0289898989899,0.0289898989899,0.005,0.005,0.005,,2.29525518469e-18
0.049077,0.05964,0.0289898989899,0.0289898989899,0.0289898989899,0.159898989899,0.159898989899,0.159898989899,0.0289898989899,0.0289898989899,0.0289898989899,0.005,0.005,0.005,,2.2961430417e-18
0.049077,0.030104,0.0289898989899,0.0289898989899,0.0289898989899,0.159898989899,0.159898989899,0.159898989899,0.0289898989899,0.0289898989899,0.0289898989899,0.005,0.005,0.005,,2.2965911981e-18
0.049077,0.008236,0.0289898989899,0.0289898989899,0.0289898989899,0.159898989899,0.159898989899,0.159898989899,0.0289898989899,0.0289898989899,0.0289898989899,0.005,0.005,0.005,,2.29671380693e-18
0.049077,0.07770928,0.0289898989899,0.0289898989899,0.0289898989899,0.159898989899,0.159898989899,0.159898989899,0.159898989899,0.159898989899,0.159898989899,0.005,0.005,0.005,,2.49083606444e-18
0.049077,0.11256,0.0289898989899,0.0289898989899,0.0289898989899,0.159898989899,0.159898989899,0.159898989899,0.0289898989899,0.0289898989899,0.0289898989899,0.005,0.005,0.005,,2.49251173824e-18
0.049077,0.056816,0.0289898989899,0.0289898989899,0.0289898989899,0.159898989899,0.159898989899,0.159898989899,0.0289898989899,0.0289898989899,0.0289898989899,0.005,0.005,0.005,,2.49335755454e-18
0.049077,0.015544,0.0289898989899,0.0289898989899,0.0289898989899,0.159898989899,0.159898989899,0.159898989899,0.0289898989899,0.0289898989899,0.0289898989899,0.005,0.005,0.005,,2.49358895711e-18
0.049077,0.049077,0.0289898989899,0.0289898989899,0.0289898989899,0.159898989899,0.159898989899,0.159898989899,0.159898989899,0.159898989899,0.159898989899,0.005,0.005,0.005,,2.61618612996e-18
0.049077,0.04452,0.0289898989899,0.0289898989899,0.0289898989899,0.159898989899,0.159898989899,0.159898989899,0.0289898989899,0.0289898989899,0.0289898989899,0.005,0.005,0.005,,2.61684889646e-18
0.049077,0.01218,0.0289898989899,0.0289898989899,0.0289898989899,0.159898989899,0.159898989899,0.159898989899,0.0289898989899,0.0289898989899,0.0289898989899,0.005,0.005,0.005,,2.61703021937e-18
0.049077,0.01407892,0.0289898989899,0.0289898989899,0.0289898989899,0.159898989899,0.159898989899,0.159898989899,0.159898989899,0.159898989899,0.159898989899,0.005,0.005,0.005,,2.65220017248e-18
0.049077,0.006148,0.0289898989899,0.0289898989899,0.0289898989899,0.159898989899,0.159898989899,0.159898989899,0.0289898989899,0.0289898989899,0.0289898989899,0.005,0.005,0.005,,2.65229169738e-18
0.049077,0.00168577,0.0289898989899,0.0289898989899,0.0289898989899,0.159898989899,0.159898989899,0.159898989899,0.159898989899,0.159898989899,0.159898989899,0.005,0.005,0.005,,2.65650284794e-18
0.04452,0.06557425,0.0289898989899,0.0289898989899,0.0289898989899,0.0289898989899,0.0289898989899,0.0289898989899,0.159898989899,0.159898989899,0.159898989899,0.005,0.005,0.005,,2.65738840362e-18
0.04452,0.06958,0.0289898989899,0.0289898989899,0.0289898989899,0.0289898989899,0.0289898989899,0.0289898989899,0.0289898989899,0.0289898989899,0.0289898989899,0.005,0.005,0.005,,2.65739400339e-18
0.04452,0.13132,0.0289898989899,0.0289898989899,0.0289898989899,0.0289898989899,0.0289898989899,0.0289898989899,0.0289898989899,0.0289898989899,0.0289898989899,0.005,0.005,0.005,,2.65740457196e-18
0.04452,0.1029,0.0289898989899,0.0289898989899,0.0289898989899,0.0289898989899,0.0289898989899,0.0289898989899,0.0289898989899,0.0289898989899,0.0289898989899,0.005,0.005,0.005,,2.65741285331e-18
0.04452,0.05194,0.0289898989899,0.0289898989899,0.0289898989899,0.0289898989899,0.0289898989899,0.0289898989899,0.0289898989899,0.0289898989899,0.0289898989899,0.005,0.005,0.005,,2.65741703341e-18
0.04452,0.01421,0.0289898989899,0.0289898989899,0.0289898989899,0.0289898989899,0.0289898989899,0.0289898989899,0.0289898989899,0.0289898989899,0.0289898989899,0.005,0.005,0.005,,2.65741817703e-18
0.04452,0.02381908,0.0289898989899,0.0289898989899,0.0289898989899,0.0289898989899,0.0289898989899,0.0289898989899,0.159898989899,0.159898989899,0.159898989899,0.005,0.005,0.005,,2.65773984478e-18
0.04452,0.076112,0.0289898989899,0.0289898989899,0.0289898989899,0.0289898989899,0.0289898989899,0.0289898989899,0.0289898989899,0.0289898989899,0.0289898989899,0.005,0.005,0.005,,2.65774597024e-18
0.04452,0.05964,0.0289898989899,0.0289898989899,0.0289898989899,0.0289898989899,0.0289898989899,0.0289898989899,0.0289898989899,0.0289898989899,0.0289898989899,0.005,0.005,0.005,,2.65775077004e-18
0.04452,0.030104,0.0289898989899,0.0289898989899,0.0289898989899,0.0289898989899,0.0289898989899,0.0289898989899,0.0289898989899,0.0289898989899,0.0289898989899,0.005,0.005,0.005,,2.6577531928e-18
0.04452,0.008236,0.0289898989899,0.0289898989899,0.0289898989899,0.0289898989899,0.0289898989899,0.0289898989899,0.0289898989899,0.0289898989899,0.0289898989899,0.005,0.005,0.005,,2.65775385563e-18
0.04452,0.07770928,0.0289898989899,0.0289898989899,0.0289898989899,0.0289898989899,0.0289898989899,0.0289898989899,0.159898989899,0.159898989899,0.159898989899,0.005,0.005,0.005,,2.65880329034e-18
0.04452,0.11256,0.0289898989899,0.0289898989899,0.0289898989899,0.0289898989899,0.0289898989899,0.0289898989899,0.0289898989899,0.0289898989899,0.0289898989899,0.005,0.005,0.005,,2.65881234912e-18
0.04452,0.056816,0.0289898989899,0.0289898989899,0.0289898989899,0.0289898989899,0.0289898989899,0.0289898989899,0.0289898989899,0.0289898989899,0.0289898989899,0.005,0.005,0.005,,2.65881692165e-18
0.04452,0.015544,0.0289898989899,0.0289898989899,0.0289898989899,0.0289898989899,0.0289898989899,0.0289898989899,0.0289898989899,0.0289898989899,0.0289898989899,0.005,0.005,0.005,,2.65881817262e-18
0.04452,0.049077,0.0289898989899,0.0289898989899,0.0289898989899,0.0289898989899,0.0289898989899,0.0289898989899,0.159898989899,0.159898989899,0.159898989899,0.005,0.005,0.005,,2.65948093912e-18
0.04452,0.04452,0.0289898989899,0.0289898989899,0.0289898989899,0.0289898989899,0.0289898989899,0.0289898989899,0.0289898989899,0.0289898989899,0.0289898989899,0.005,0.005,0.005,,2.65948452207e-18
0.04452,0.01218,0.0289898989899,0.0289898989899,0.0289898989899,0.0289898989899,0.0289898989899,0.0289898989899,0.0289898989899,0.0289898989899,0.0289898989899,0.005,0.005,0.005,,2.65948550231e-18
0.04452,0.01407892,0.0289898989899,0.0289898989899,0.0289898989899,0.0289898989899,0.0289898989899,0.0289898989899,0.159898989899,0.159898989899,0.159898989899,0.005,0.005,0.005,,2.65967563285e-18
0.04452,0.006148,0.0289898989899,0.0289898989899,0.0289898989899,0.0289898989899,0.0289898989899,0.0289898989899,0.0289898989899,0.0289898989899,0.0289898989899,0.005,0.005,0.005,,2.65967612764e-18
0.04452,0.00168577,0.0289898989899,0.0289898989899,0.0289898989899,0.0289898989899,0.0289898989899,0.0289898989899,0.159898989899,0.159898989899,0.159898989899,0.005,0.005,0.005,,2.65969889333e-18
0.01218,0.06557425,0.0289898989899,0.0289898989899,0.0289898989899,0.0289898989899,0.0289898989899,0.0289898989899,0.159898989899,0.159898989899,0.159898989899,0.005,0.005,0.005,,2.659941168e-18
0.01218,0.06958,0.0289898989899,0.0289898989899,0.0289898989899,0.0289898989899,0.0289898989899,0.0289898989899,0.0289898989899,0.0289898989899,0.0289898989899,0.005,0.005,0.005,,2.65994270001e-18
0.01218,0.13132,0.0289898989899,0.0289898989899,0.0289898989899,0.0289898989899,0.0289898989899,0.0289898989899,0.0289898989899,0.0289898989899,0.0289898989899,0.005,0.005,0.005,,2.65994559141e-18
0.01218,0.1029,0.0289898989899,0.0289898989899,0.0289898989899,0.0289898989899,0.0289898989899,0.0289898989899,0.0289898989899,0.0289898989899,0.0289898989899,0.005,0.005,0.005,,2.65994785707e-18
0.01218,0.05194,0.0289898989899,0.0289898989899,0.0289898989899,0.0289898989899,0.0289898989899,0.0289898989899,0.0289898989899,0.0289898989899,0.0289898989899,0.005,0.005,0.005,,2.65994900068e-18
0.01218,0.01421,0.0289898989899,0.0289898989899,0.0289898989899,0.0289898989899,0.0289898989899,0.0289898989899,0.0289898989899,0.0289898989899,0.0289898989899,0.005,0.005,0.005,,2.65994931355e-18
0.01218,0.02381908,0.0289898989899,0.0289898989899,0.0289898989899,0.0289898989899,0.0289898989899,0.0289898989899,0.159898989899,0.159898989899,0.159898989899,0.005,0.005,0.005,,2.660037317e-18
0.01218,0.076112,0.0289898989899,0.0289898989899,0.0289898989899,0.0289898989899,0.0289898989899,0.0289898989899,0.0289898989899,0.0289898989899,0.0289898989899,0.005,0.005,0.005,,2.66003899283e-18
0.01218,0.05964,0.0289898989899,0.0289898989899,0.0289898989899,0.0289898989899,0.0289898989899,0.0289898989899,0.0289898989899,0.0289898989899,0.0289898989899,0.005,0.005,0.005,,2.66004030598e-18
0.01218,0.030104,0.0289898989899,0.0289898989899,0.0289898989899,0.0289898989899,0.0289898989899,0.0289898989899,0.0289898989899,0.0289898989899,0.0289898989899,0.005,0.005,0.005,,2.66004096881e-18
0.01218,0.008236,0.0289898989899,0.0289898989899,0.0289898989899,0.0289898989899,0.0289898989899,0.0289898989899,0.0289898989899,0.0289898989899,0.0289898989899,0.005,0.005,0.005,,2.66004115015e-18
0.01218,0.07770928,0.0289898989899,0.0289898989899,0.0289898989899,0.0289898989899,0.0289898989899,0.0289898989899,0.159898989899,0.159898989899,0.159898989899,0.005,0.005,0.005,,2.66032825965e-18
0.01218,0.11256,0.0289898989899,0.0289898989899,0.0289898989899,0.0289898989899,0.0289898989899,0.0289898989899,0.0289898989899,0.0289898989899,0.0289898989899,0.005,0.005,0.005,,2.660330738e-18
0.01218,0.056816,0.0289898989899,0.0289898989899,0.0289898989899,0.0289898989899,0.0289898989899,0.0289898989899,0.0289898989899,0.0289898989899,0.0289898989899,0.005,0.005,0.005,,2.66033198897e-18
0.01218,0.015544,0.0289898989899,0.0289898989899,0.0289898989899,0.0289898989899,0.0289898989899,0.0289898989899,0.0289898989899,0.0289898989899,0.0289898989899,0.005,0.005,0.005,,2.66033233122e-18
0.01218,0.049077,0.0289898989899,0.0289898989899,0.0289898989899,0.0289898989899,0.0289898989899,0.0289898989899,0.159898989899,0.159898989899,0.159898989899,0.005,0.005,0.005,,2.66051365413e-18
0.01218,0.04452,0.0289898989899,0.0289898989899,0.0289898989899,0.0289898989899,0.0289898989899,0.0289898989899,0.0289898989899,0.0289898989899,0.0289898989899,0.005,0.005,0.005,,2.66051463437e-18
0.01218,0.01218,0.0289898989899,0.0289898989899,0.0289898989899,0.0289898989899,0.0289898989899,0.0289898989899,0.0289898989899,0.0289898989899,0.0289898989899,0.005,0.005,0.005,,2.66051490255e-18
0.01218,0.01407892,0.0289898989899,0.0289898989899,0.0289898989899,0.0289898989899,0.0289898989899,0.0289898989899,0.159898989899,0.159898989899,0.159898989899,0.005,0.005,0.005,,2.66056691939e-18
0.01218,0.006148,0.0289898989899,0.0289898989899,0.0289898989899,0.0289898989899,0.0289898989899,0.0289898989899,0.0289898989899,0.0289898989899,0.0289898989899,0.005,0.005,0.005,,2.66056705476e-18
0.01218,0.00168577,0.0289898989899,0.0289898989899,0.0289898989899,0.0289898989899,0.0289898989899,0.0289898989899,0.159898989899,0.159898989899,0.159898989899,0.005,0.005,0.005,,2.66057328311e-18
0.01407892,0.06557425,0.0289898989899,0.0289898989899,0.0289898989899,0.159898989899,0.159898989899,0.159898989899,0.159898989899,0.159898989899,0.159898989899,0.005,0.005,0.005,,2.70756562775e-18
0.01407892,0.06958,0.0289898989899,0.0289898989899,0.0289898989899,0.159898989899,0.159898989899,0.159898989899,0.0289898989899,0.0289898989899,0.0289898989899,0.005,0.005,0.005,,2.70786278145e-18
0.01407892,0.13132,0.0289898989899,0.0289898989899,0.0289898989899,0.159898989899,0.159898989899,0.159898989899,0.0289898989899,0.0289898989899,0.0289898989899,0.005,0.005,0.005,,2.70842360676e-18
0.01407892,0.1029,0.0289898989899,0.0289898989899,0.0289898989899,0.159898989899,0.159898989899,0.159898989899,0.0289898989899,0.0289898989899,0.0289898989899,0.005,0.005,0.005,,2.70886305942e-18
0.01407892,0.05194,0.0289898989899,0.0289898989899,0.0289898989899,0.159898989899,0.159898989899,0.159898989899,0.0289898989899,0.0289898989899,0.0289898989899,0.005,0.005,0.005,,2.70908487839e-18
0.01407892,0.01421,0.0289898989899,0.0289898989899,0.0289898989899,0.159898989899,0.159898989899,0.159898989899,0.0289898989899,0.0289898989899,0.0289898989899,0.005,0.005,0.005,,2.70914556471e-18
0.01407892,0.02381908,0.0289898989899,0.0289898989899,0.0289898989899,0.159898989899,0.159898989899,0.159898989899,0.159898989899,0.159898989899,0.159898989899,0.005,0.005,0.005,,2.72621498474e-18
0.01407892,0.076112,0.0289898989899,0.0289898989899,0.0289898989899,0.159898989899,0.159898989899,0.159898989899,0.0289898989899,0.0289898989899,0.0289898989899,0.005,0.005,0.005,,2.72654003451e-18
0.01407892,0.05964,0.0289898989899,0.0289898989899,0.0289898989899,0.159898989899,0.159898989899,0.159898989899,0.0289898989899,0.0289898989899,0.0289898989899,0.005,0.005,0.005,,2.72679473768e-18
0.01407892,0.030104,0.0289898989899,0.0289898989899,0.0289898989899,0.159898989899,0.159898989899,0.159898989899,0.0289898989899,0.0289898989899,0.0289898989899,0.005,0.005,0.005,,2.72692330214e-18
0.01407892,0.008236,0.0289898989899,0.0289898989899,0.0289898989899,0.159898989899,0.159898989899,0.159898989899,0.0289898989899,0.0289898989899,0.0289898989899,0.005,0.005,0.005,,2.72695847544e-18
0.01407892,0.07770928,0.0289898989899,0.0289898989899,0.0289898989899,0.159898989899,0.159898989899,0.159898989899,0.159898989899,0.159898989899,0.159898989899,0.005,0.005,0.005,,2.78264712254e-18
0.01407892,0.11256,0.0289898989899,0.0289898989899,0.0289898989899,0.159898989899,0.159898989899,0.159898989899,0.0289898989899,0.0289898989899,0.0289898989899,0.005,0.005,0.005,,2.78312782995e-18
0.01407892,0.056816,0.0289898989899,0.0289898989899,0.0289898989899,0.159898989899,0.159898989899,0.159898989899,0.0289898989899,0.0289898989899,0.0289898989899,0.005,0.005,0.005,,2.78337047273e-18
0.01407892,0.015544,0.0289898989899,0.0289898989899,0.0289898989899,0.159898989899,0.159898989899,0.159898989899,0.0289898989899,0.0289898989899,0.0289898989899,0.005,0.005,0.005,,2.78343685614e-18
0.01407892,0.049077,0.0289898989899,0.0289898989899,0.0289898989899,0.159898989899,0.159898989899,0.159898989899,0.159898989899,0.159898989899,0.159898989899,0.005,0.005,0.005,,2.81860680925e-18
0.01407892,0.04452,0.0289898989899,0.0289898989899,0.0289898989899,0.159898989899,0.159898989899,0.159898989899,0.0289898989899,0.0289898989899,0.0289898989899,0.005,0.005,0.005,,2.81879693979e-18
0.01407892,0.01218,0.0289898989899,0.0289898989899,0.0289898989899,0.159898989899,0.159898989899,0.159898989899,0.0289898989899,0.0289898989899,0.0289898989899,0.005,0.005,0.005,,2.81884895663e-18
0.01407892,0.01407892,0.0289898989899,0.0289898989899,0.0289898989899,0.159898989899,0.159898989899,0.159898989899,0.159898989899,0.159898989899,0.159898989899,0.005,0.005,0.005,,2.82893830513e-18
0.01407892,0.006148,0.0289898989899,0.0289898989899,0.0289898989899,0.159898989899,0.159898989899,0.159898989899,0.0289898989899,0.0289898989899,0.0289898989899,0.005,0.005,0.005,,2.82896456125e-18
0.01407892,0.00168577,0.0289898989899,0.0289898989899,0.0289898989899,0.159898989899,0.159898989899,0.159898989899,0.159898989899,0.159898989899,0.159898989899,0.005,0.005,0.005,,2.83017263126e-18
0.006148,0.06557425,0.0289898989899,0.0289898989899,0.0289898989899,0.0289898989899,0.0289898989899,0.0289898989899,0.159898989899,0.159898989899,0.159898989899,0.005,0.005,0.005,,2.83029492229e-18
0.006148,0.06958,0.0289898989899,0.0289898989899,0.0289898989899,0.0289898989899,0.0289898989899,0.0289898989899,0.0289898989899,0.0289898989899,0.0289898989899,0.005,0.005,0.005,,2.83029569559e-18
0.006148,0.13132,0.0289898989899,0.0289898989899,0.0289898989899,0.0289898989899,0.0289898989899,0.0289898989899,0.0289898989899,0.0289898989899,0.0289898989899,0.005,0.005,0.005,,2.83029715506e-18
0.006148,0.1029,0.0289898989899,0.0289898989899,0.0289898989899,0.0289898989899,0.0289898989899,0.0289898989899,0.0289898989899,0.0289898989899,0.0289898989899,0.005,0.005,0.005,,2.83029829867e-18
0.006148,0.05194,0.0289898989899,0.0289898989899,0.0289898989899,0.0289898989899,0.0289898989899,0.0289898989899,0.0289898989899,0.0289898989899,0.0289898989899,0.005,0.005,0.005,,2.83029887592e-18
0.006148,0.01421,0.0289898989899,0.0289898989899,0.0289898989899,0.0289898989899,0.0289898989899,0.0289898989899,0.0289898989899,0.0289898989899,0.0289898989899,0.005,0.005,0.005,,2.83029903385e-18
0.006148,0.02381908,0.0289898989899,0.0289898989899,0.0289898989899,0.0289898989899,0.0289898989899,0.0289898989899,0.159898989899,0.159898989899,0.159898989899,0.005,0.005,0.005,,2.83034345464e-18
0.006148,0.076112,0.0289898989899,0.0289898989899,0.0289898989899,0.0289898989899,0.0289898989899,0.0289898989899,0.0289898989899,0.0289898989899,0.0289898989899,0.005,0.005,0.005,,2.83034430053e-18
0.006148,0.05964,0.0289898989899,0.0289898989899,0.0289898989899,0.0289898989899,0.0289898989899,0.0289898989899,0.0289898989899,0.0289898989899,0.0289898989899,0.005,0.005,0.005,,2.83034496336e-18
0.006148,0.030104,0.0289898989899,0.0289898989899,0.0289898989899,0.0289898989899,0.0289898989899,0.0289898989899,0.0289898989899,0.0289898989899,0.0289898989899,0.005,0.005,0.005,,2.83034529793e-18
0.006148,0.008236,0.0289898989899,0.0289898989899,0.0289898989899,0.0289898989899,0.0289898989899,0.0289898989899,0.0289898989899,0.0289898989899,0.0289898989899,0.005,0.005,0.005,,2.83034538947e-18
0.006148,0.07770928,0.0289898989899,0.0289898989899,0.0289898989899,0.0289898989899,0.0289898989899,0.0289898989899,0.159898989899,0.159898989899,0.159898989899,0.005,0.005,0.005,,2.8304903114e-18
0.006148,0.11256,0.0289898989899,0.0289898989899,0.0289898989899,0.0289898989899,0.0289898989899,0.0289898989899,0.0289898989899,0.0289898989899,0.0289898989899,0.005,0.005,0.005,,2.83049156238e-18
0.006148,0.056816,0.0289898989899,0.0289898989899,0.0289898989899,0.0289898989899,0.0289898989899,0.0289898989899,0.0289898989899,0.0289898989899,0.0289898989899,0.005,0.005,0.005,,2.83049219382e-18
0.006148,0.015544,0.0289898989899,0.0289898989899,0.0289898989899,0.0289898989899,0.0289898989899,0.0289898989899,0.0289898989899,0.0289898989899,0.0289898989899,0.005,0.005,0.005,,2.83049236658e-18
0.006148,0.049077,0.0289898989899,0.0289898989899,0.0289898989899,0.0289898989899,0.0289898989899,0.0289898989899,0.159898989899,0.159898989899,0.159898989899,0.005,0.005,0.005,,2.83058389147e-18
0.006148,0.04452,0.0289898989899,0.0289898989899,0.0289898989899,0.0289898989899,0.0289898989899,0.0289898989899,0.0289898989899,0.0289898989899,0.0289898989899,0.005,0.005,0.005,,2.83058438626e-18
0.006148,0.01218,0.0289898989899,0.0289898989899,0.0289898989899,0.0289898989899,0.0289898989899,0.0289898989899,0.0289898989899,0.0289898989899,0.0289898989899,0.005,0.005,0.005,,2.83058452163e-18
0.006148,0.01407892,0.0289898989899,0.0289898989899,0.0289898989899,0.0289898989899,0.0289898989899,0.0289898989899,0.159898989899,0.159898989899,0.159898989899,0.005,0.005,0.005,,2.83061077775e-18
0.006148,0.006148,0.0289898989899,0.0289898989899,0.0289898989899,0.0289898989899,0.0289898989899,0.0289898989899,0.0289898989899,0.0289898989899,0.0289898989899,0.005,0.005,0.005,,2.83061084608e-18
0.006148,0.00168577,0.0289898989899,0.0289898989899,0.0289898989899,0.0289898989899,0.0289898989899,0.0289898989899,0.159898989899,0.159898989899,0.159898989899,0.005,0.005,0.005,,2.83061398991e-18
0.00168577,0.06557425,0.0289898989899,0.0289898989899,0.0289898989899,0.159898989899,0.159898989899,0.159898989899,0.159898989899,0.159898989899,0.159898989899,0.005,0.005,0.005,,2.83624072015e-18
0.00168577,0.06958,0.0289898989899,0.0289898989899,0.0289898989899,0.159898989899,0.159898989899,0.159898989899,0.0289898989899,0.0289898989899,0.0289898989899,0.005,0.005,0.005,,2.83627630049e-18
0.00168577,0.13132,0.0289898989899,0.0289898989899,0.0289898989899,0.159898989899,0.159898989899,0.159898989899,0.0289898989899,0.0289898989899,0.0289898989899,0.005,0.005,0.005,,2.83634345212e-18
0.00168577,0.1029,0.0289898989899,0.0289898989899,0.0289898989899,0.159898989899,0.159898989899,0.159898989899,0.0289898989899,0.0289898989899,0.0289898989899,0.005,0.005,0.005,,2.83639607094e-18
0.00168577,0.05194,0.0289898989899,0.0289898989899,0.0289898989899,0.159898989899,0.159898989899,0.159898989899,0.0289898989899,0.0289898989899,0.0289898989899,0.005,0.005,0.005,,2.83642263091e-18
0.00168577,0.01421,0.0289898989899,0.0289898989899,0.0289898989899,0.159898989899,0.159898989899,0.159898989899,0.0289898989899,0.0289898989899,0.0289898989899,0.005,0.005,0.005,,2.83642989732e-18
0.00168577,0.02381908,0.0289898989899,0.0289898989899,0.0289898989899,0.159898989899,0.159898989899,0.159898989899,0.159898989899,0.159898989899,0.159898989899,0.005,0.005,0.005,,2.83847374132e-18
0.00168577,0.076112,0.0289898989899,0.0289898989899,0.0289898989899,0.159898989899,0.159898989899,0.159898989899,0.0289898989899,0.0289898989899,0.0289898989899,0.005,0.005,0.005,,2.83851266186e-18
0.00168577,0.05964,0.0289898989899,0.0289898989899,0.0289898989899,0.159898989899,0.159898989899,0.159898989899,0.0289898989899,0.0289898989899,0.0289898989899,0.005,0.005,0.005,,2.8385431593e-18
0.00168577,0.030104,0.0289898989899,0.0289898989899,0.0289898989899,0.159898989899,0.159898989899,0.159898989899,0.0289898989899,0.0289898989899,0.0289898989899,0.005,0.005,0.005,,2.83855855324e-18
0.00168577,0.008236,0.0289898989899,0.0289898989899,0.0289898989899,0.159898989899,0.159898989899,0.159898989899,0.0289898989899,0.0289898989899,0.0289898989899,0.005,0.005,0.005,,2.8385627648e-18
0.00168577,0.07770928,0.0289898989899,0.0289898989899,0.0289898989899,0.159898989899,0.159898989899,0.159898989899,0.159898989899,0.159898989899,0.159898989899,0.005,0.005,0.005,,2.84523076565e-18
0.00168577,0.11256,0.0289898989899,0.0289898989899,0.0289898989899,0.159898989899,0.159898989899,0.159898989899,0.0289898989899,0.0289898989899,0.0289898989899,0.005,0.005,0.005,,2.8452883242e-18
0.00168577,0.056816,0.0289898989899,0.0289898989899,0.0289898989899,0.159898989899,0.159898989899,0.159898989899,0.0289898989899,0.0289898989899,0.0289898989899,0.005,0.005,0.005,,2.84531737755e-18
0.00168577,0.015544,0.0289898989899,0.0289898989899,0.0289898989899,0.159898989899,0.159898989899,0.159898989899,0.0289898989899,0.0289898989899,0.0289898989899,0.005,0.005,0.005,,2.84532532612e-18
0.00168577,0.049077,0.0289898989899,0.0289898989899,0.0289898989899,0.159898989899,0.159898989899,0.159898989899,0.159898989899,0.159898989899,0.159898989899,0.005,0.005,0.005,,2.84953647668e-18
0.00168577,0.04452,0.0289898989899,0.0289898989899,0.0289898989899,0.159898989899,0.159898989899,0.159898989899,0.0289898989899,0.0289898989899,0.0289898989899,0.005,0.005,0.005,,2.84955924237e-18
0.00168577,0.01218,0.0289898989899,0.0289898989899,0.0289898989899,0.159898989899,0.159898989899,0.159898989899,0.0289898989899,0.0289898989899,0.0289898989899,0.005,0.005,0.005,,2.84956547072e-18
0.00168577,0.01407892,0.0289898989899,0.0289898989899,0.0289898989899,0.159898989899,0.159898989899,0.159898989899,0.159898989899,0.159898989899,0.159898989899,0.005,0.005,0.005,,2.85077354073e-18
0.00168577,0.006148,0.0289898989899,0.0289898989899,0.0289898989899,0.159898989899,0.159898989899,0.159898989899,0.0289898989899,0.0289898989899,0.0289898989899,0.005,0.005,0.005,,2.85077668456e-18
0.00168577,0.00168577,0.0289898989899,0.0289898989899,0.0289898989899,0.159898989899,0.159898989899,0.159898989899,0.159898989899,0.159898989899,0.159898989899,0.005,0.005,0.005,,2.85092133544e-18
