0.00842377,0.00842377,0.0289898989899,0.0289898989899,0.0289898989899,0.02,0.02,0.02,0.02,0.02,0.02,0.005,0.005,0.005,,1.38306660263e-26
0.00842377,0.044398,0.0289898989899,0.0289898989899,0.0289898989899,0.02,0.02,0.02,0.0289898989899,0.0289898989899,0.0289898989899,0.005,0.005,0.005,,2.35829207e-25
0.00842377,0.055458,0.0289898989899,0.0289898989899,0.0289898989899,0.02,0.02,0.02,0.0289898989899,0.0289898989899,0.0289898989899,0.005,0.005,0.005,,5.13129875619e-25
0.00842377,0.037288,0.0289898989899,0.0289898989899,0.0289898989899,0.02,0.02,0.02,0.0289898989899,0.0289898989899,0.0289898989899,0.005,0.005,0.005,,6.99577048822e-25
0.00842377,0.003318,0.0289898989899,0.0289898989899,0.0289898989899,0.02,0.02,0.02,0.0289898989899,0.0289898989899,0.0289898989899,0.005,0.005,0.005,,7.16167687115e-25
0.00842377,0.005056,0.0289898989899,0.0289898989899,0.0289898989899,0.02,0.02,0.02,0.0289898989899,0.0289898989899,0.0289898989899,0.005,0.005,0.005,,7.41448659753e-25
0.00842377,0.08502217,0.0289898989899,0.0289898989899,0.0289898989899,0.02,0.02,0.02,0.02,0.02,0.02,0.005,0.005,0.005,,8.81043311328e-25
0.00842377,0.197262,0.0289898989899,0.0289898989899,0.0289898989899,0.02,0.02,0.02,0.0289898989899,0.0289898989899,0.0289898989899,0.005,0.005,0.005,,1.8673912592e-24
0.00842377,0.132632,0.0289898989899,0.0289898989899,0.0289898989899,0.02,0.02,0.02,0.0289898989899,0.0289898989899,0.0289898989899,0.005,0.005,0.005,,2.53057677401e-24
0.00842377,0.011802,0.0289898989899,0.0289898989899,0.0289898989899,0.02,0.02,0.02,0.0289898989899,0.0289898989899,0.0289898989899,0.005,0.005,0.005,,2.58958904439e-24
0.00842377,0.017984,0.0289898989899,0.0289898989899,0.0289898989899,0.02,0.02,0.02,0.0289898989899,0.0289898989899,0.0289898989899,0.005,0.005,0.005,,2.67951250403e-24
0.00842377,0.13003497,0.0289898989899,0.0289898989899,0.0289898989899,0.02,0.02,0.02,0.02,0.02,0.02,0.005,0.005,0.005,,2.89301195164e-24
0.00842377,0.165672,0.0289898989899,0.0289898989899,0.0289898989899,0.02,0.02,0.02,0.0289898989899,0.0289898989899,0.0289898989899,0.005,0.005,0.005,,3.72140382245e-24
0.00842377,0.014742,0.0289898989899,0.0289898989899,0.0289898989899,0.02,0.02,0.02,0.0289898989899,0.0289898989899,0.0289898989899,0.005,0.005,0.005,,3.79511665841e-24
0.00842377,0.022464,0.0289898989899,0.0289898989899,0.0289898989899,0.02,0.02,0.02,0.0289898989899,0.0289898989899,0.0289898989899,0.005,0.005,0.005,,3.90744097988e-24
0.00842377,0.06110512,0.0289898989899,0.0289898989899,0.0289898989899,0.02,0.02,0.02,0.02,0.02,0.02,0.005,0.005,0.005,,4.00776714111e-24
0.00842377,0.009912,0.0289898989899,0.0289898989899,0.0289898989899,0.02,0.02,0.02,0.0289898989899,0.0289898989899,0.0289898989899,0.005,0.005,0.005,,4.05732904791e-24
0.00842377,0.015104,0.0289898989899,0.0289898989899,0.0289898989899,0.02,0.02,0.02,0.0289898989899,0.0289898989899,0.0289898989899,0.005,0.005,0.005,,4.13285195352e-24
0.00842377,0.00105777,0.0289898989899,0.0289898989899,0.0289898989899,0.02,0.02,0.02,0.02,0.02,0.02,0.005,0.005,0.005,,4.13458866565e-24
0.00842377,0.001344,0.0289898989899,0.0289898989899,0.0289898989899,0.02,0.02,0.02,0.0289898989899,0.0289898989899,0.0289898989899,0.005,0.005,0.005,,4.1413089242e-24
0.00842377,0.00195328,0.0289898989899,0.0289898989899,0.0289898989899,0.02,0.02,0.02,0.02,0.02,0.02,0.005,0.005,0.005,,4.14451593998e-24
0.044398,0.00842377,0.0289898989899,0.0289898989899,0.0289898989899,0.0289898989899,0.0289898989899,0.0289898989899,0.02,0.02,0.02,0.005,0.005,0.005,,4.36651448096e-24
0.044398,0.044398,0.0289898989899,0.0289898989899,0.0289898989899,0.0289898989899,0.0289898989899,0.0289898989899,0.0289898989899,0.0289898989899,0.0289898989899,0.005,0.005,0.005,,7.92985352051e-24
0.044398,0.055458,0.0289898989899,0.0289898989899,0.0289898989899,0.0289898989899,0.0289898989899,0.0289898989899,0.0289898989899,0.0289898989899,0.0289898989899,0.005,0.005,0.005,,1.23808570895e-23
0.044398,0.037288,0.0289898989899,0.0289898989899,0.0289898989899,0.0289898989899,0.0289898989899,0.0289898989899,0.0289898989899,0.0289898989899,0.0289898989899,0.005,0.005,0.005,,1.53735546458e-23
0.044398,0.003318,0.0289898989899,0.0289898989899,0.0289898989899,0.0289898989899,0.0289898989899,0.0289898989899,0.0289898989899,0.0289898989899,0.0289898989899,0.005,0.005,0.005,,1.56398540047e-23
0.044398,0.005056,0.0289898989899,0.0289898989899,0.0289898989899,0.0289898989899,0.0289898989899,0.0289898989899,0.0289898989899,0.0289898989899,0.0289898989899,0.005,0.005,0.005,,1.60456435038e-23
0.044398,0.08502217,0.0289898989899,0.0289898989899,0.0289898989899,0.0289898989899,0.0289898989899,0.0289898989899,0.02,0.02,0.02,0.005,0.005,0.005,,1.82863026969e-23
0.044398,0.197262,0.0289898989899,0.0289898989899,0.0289898989899,0.0289898989899,0.0289898989899,0.0289898989899,0.0289898989899,0.0289898989899,0.0289898989899,0.005,0.005,0.005,,3.41183533663e-23
0.044398,0.132632,0.0289898989899,0.0289898989899,0.0289898989899,0.0289898989899,0.0289898989899,0.0289898989899,0.0289898989899,0.0289898989899,0.0289898989899,0.005,0.005,0.005,,4.47632649274e-23
0.044398,0.011802,0.0289898989899,0.0289898989899,0.0289898989899,0.0289898989899,0.0289898989899,0.0289898989899,0.0289898989899,0.0289898989899,0.0289898989899,0.005,0.005,0.005,,4.57104816342e-23
0.044398,0.017984,0.0289898989899,0.0289898989899,0.0289898989899,0.0289898989899,0.0289898989899,0.0289898989899,0.0289898989899,0.0289898989899,0.0289898989899,0.005,0.005,0.005,,4.7153859473e-23
0.044398,0.13003497,0.0289898989899,0.0289898989899,0.0289898989899,0.0289898989899,0.0289898989899,0.0289898989899,0.02,0.02,0.02,0.005,0.005,0.005,,5.0580778016e-23
0.044398,0.165672,0.0289898989899,0.0289898989899,0.0289898989899,0.0289898989899,0.0289898989899,0.0289898989899,0.0289898989899,0.0289898989899,0.0289898989899,0.005,0.005,0.005,,6.38774469056e-23
0.044398,0.014742,0.0289898989899,0.0289898989899,0.0289898989899,0.0289898989899,0.0289898989899,0.0289898989899,0.0289898989899,0.0289898989899,0.0289898989899,0.005,0.005,0.005,,6.50606250695e-23
0.044398,0.022464,0.0289898989899,0.0289898989899,0.0289898989899,0.0289898989899,0.0289898989899,0.0289898989899,0.0289898989899,0.0289898989899,0.0289898989899,0.005,0.005,0.005,,6.68635632241e-23
0.044398,0.06110512,0.0289898989899,0.0289898989899,0.0289898989899,0.0289898989899,0.0289898989899,0.0289898989899,0.02,0.02,0.02,0.005,0.005,0.005,,6.84739167221e-23
0.044398,0.009912,0.0289898989899,0.0289898989899,0.0289898989899,0.0289898989899,0.0289898989899,0.0289898989899,0.0289898989899,0.0289898989899,0.0289898989899,0.005,0.005,0.005,,6.92694439206e-23
0.044398,0.015104,0.0289898989899,0.0289898989899,0.0289898989899,0.0289898989899,0.0289898989899,0.0289898989899,0.0289898989899,0.0289898989899,0.0289898989899,0.005,0.005,0.005,,7.04816758422e-23
0.044398,0.00105777,0.0289898989899,0.0289898989899,0.0289898989899,0.0289898989899,0.0289898989899,0.0289898989899,0.02,0.02,0.02,0.005,0.005,0.005,,7.05095521252e-23
0.044398,0.001344,0.0289898989899,0.0289898989899,0.0289898989899,0.0289898989899,0.0289898989899,0.0289898989899,0.0289898989899,0.0289898989899,0.0289898989899,0.005,0.005,0.005,,7.06174202199e-23
0.044398,0.00195328,0.0289898989899,0.0289898989899,0.0289898989899,0.0289898989899,0.0289898989899,0.0289898989899,0.02,0.02,0.02,0.005,0.005,0.005,,7.06688966147e-23
0.055458,0.00842377,0.0289898989899,0.0289898989899,0.0289898989899,0.0289898989899,0.0289898989899,0.0289898989899,0.02,0.02,0.02,0.005,0.005,0.005,,7.09461972833e-23
0.055458,0.044398,0.0289898989899,0.0289898989899,0.0289898989899,0.0289898989899,0.0289898989899,0.0289898989899,0.0289898989899,0.0289898989899,0.0289898989899,0.005,0.005,0.005,,7.53972008523e-23
0.055458,0.055458,0.0289898989899,0.0289898989899,0.0289898989899,0.0289898989899,0.0289898989899,0.0289898989899,0.0289898989899,0.0289898989899,0.0289898989899,0.005,0.005,0.005,,8.09569953459e-23
0.055458,0.037288,0.0289898989899,0.0289898989899,0.0289898989899,0.0289898989899,0.0289898989899,0.0289898989899,0.0289898989899,0.0289898989899,0.0289898989899,0.005,0.005,0.005,,8.46952047491e-23
0.055458,0.003318,0.0289898989899,0.0289898989899,0.0289898989899,0.0289898989899,0.0289898989899,0.0289898989899,0.0289898989899,0.0289898989899,0.0289898989899,0.005,0.005,0.005,,8.50278420265e-23
0.055458,0.005056,0.0289898989899,0.0289898989899,0.0289898989899,0.0289898989899,0.0289898989899,0.0289898989899,0.0289898989899,0.0289898989899,0.0289898989899,0.005,0.005,0.005,,8.55347178777e-23
0.055458,0.08502217,0.0289898989899,0.0289898989899,0.0289898989899,0.0289898989899,0.0289898989899,0.0289898989899,0.02,0.02,0.02,0.005,0.005,0.005,,8.83335484e-23
0.055458,0.197262,0.0289898989899,0.0289898989899,0.0289898989899,0.0289898989899,0.0289898989899,0.0289898989899,0.0289898989899,0.0289898989899,0.0289898989899,0.005,0.005,0.005,,1.08109526282e-22
0.055458,0.132632,0.0289898989899,0.0289898989899,0.0289898989899,0.0289898989899,0.0289898989899,0.0289898989899,0.0289898989899,0.0289898989899,0.0289898989899,0.005,0.005,0.005,,1.21406195172e-22
0.055458,0.011802,0.0289898989899,0.0289898989899,0.0289898989899,0.0289898989899,0.0289898989899,0.0289898989899,0.0289898989899,0.0289898989899,0.0289898989899,0.005,0.005,0.005,,1.22589373336e-22
0.055458,0.017984,0.0289898989899,0.0289898989899,0.0289898989899,0.0289898989899,0.0289898989899,0.0289898989899,0.0289898989899,0.0289898989899,0.0289898989899,0.005,0.005,0.005,,1.2439231149e-22
0.055458,0.13003497,0.0289898989899,0.0289898989899,0.0289898989899,0.0289898989899,0.0289898989899,0.0289898989899,0.02,0.02,0.02,0.005,0.005,0.005,,1.28672910809e-22
0.055458,0.165672,0.0289898989899,0.0289898989899,0.0289898989899,0.0289898989899,0.0289898989899,0.0289898989899,0.0289898989899,0.0289898989899,0.0289898989899,0.005,0.005,0.005,,1.45281917145e-22
0.055458,0.014742,0.0289898989899,0.0289898989899,0.0289898989899,0.0289898989899,0.0289898989899,0.0289898989899,0.0289898989899,0.0289898989899,0.0289898989899,0.005,0.005,0.005,,1.467598372e-22
0.055458,0.022464,0.0289898989899,0.0289898989899,0.0289898989899,0.0289898989899,0.0289898989899,0.0289898989899,0.0289898989899,0.0289898989899,0.0289898989899,0.005,0.005,0.005,,1.49011905856e-22
0.055458,0.06110512,0.0289898989899,0.0289898989899,0.0289898989899,0.0289898989899,0.0289898989899,0.0289898989899,0.02,0.02,0.02,0.005,0.005,0.005,,1.51023415029e-22
0.055458,0.009912,0.0289898989899,0.0289898989899,0.0289898989899,0.0289898989899,0.0289898989899,0.0289898989899,0.0289898989899,0.0289898989899,0.0289898989899,0.005,0.005,0.005,,1.52017116263e-22
0.055458,0.015104,0.0289898989899,0.0289898989899,0.0289898989899,0.0289898989899,0.0289898989899,0.0289898989899,0.0289898989899,0.0289898989899,0.0289898989899,0.005,0.005,0.005,,1.53531327667e-22
0.055458,0.00105777,0.0289898989899,0.0289898989899,0.0289898989899,0.0289898989899,0.0289898989899,0.0289898989899,0.02,0.02,0.02,0.005,0.005,0.005,,1.5356614822e-22
0.055458,0.001344,0.0289898989899,0.0289898989899,0.0289898989899,0.0289898989899,0.0289898989899,0.0289898989899,0.0289898989899,0.0289898989899,0.0289898989899,0.005,0.005,0.005,,1.5370088737e-22
0.055458,0.00195328,0.0289898989899,0.0289898989899,0.0289898989899,0.0289898989899,0.0289898989899,0.0289898989899,0.02,0.02,0.02,0.005,0.005,0.005,,1.53765187066e-22
0.037288,0.00842377,0.0289898989899,0.0289898989899,0.0289898989899,0.0289898989899,0.0289898989899,0.0289898989899,0.02,0.02,0.02,0.005,0.005,0.005,,1.53951634239e-22
0.037288,0.044398,0.0289898989899,0.0289898989899,0.0289898989899,0.0289898989899,0.0289898989899,0.0289898989899,0.0289898989899,0.0289898989899,0.0289898989899,0.005,0.005,0.005,,1.56944331796e-22
0.037288,0.055458,0.0289898989899,0.0289898989899,0.0289898989899,0.0289898989899,0.0289898989899,0.0289898989899,0.0289898989899,0.0289898989899,0.0289898989899,0.005,0.005,0.005,,1.60682541199e-22
0.037288,0.037288,0.0289898989899,0.0289898989899,0.0289898989899,0.0289898989899,0.0289898989899,0.0289898989899,0.0289898989899,0.0289898989899,0.0289898989899,0.005,0.005,0.005,,1.63195981139e-22
0.037288,0.003318,0.0289898989899,0.0289898989899,0.0289898989899,0.0289898989899,0.0289898989899,0.0289898989899,0.0289898989899,0.0289898989899,0.0289898989899,0.005,0.005,0.005,,1.63419634693e-22
0.037288,0.005056,0.0289898989899,0.0289898989899,0.0289898989899,0.0289898989899,0.0289898989899,0.0289898989899,0.0289898989899,0.0289898989899,0.0289898989899,0.005,0.005,0.005,,1.63760440109e-22
0.037288,0.08502217,0.0289898989899,0.0289898989899,0.0289898989899,0.0289898989899,0.0289898989899,0.0289898989899,0.02,0.02,0.02,0.005,0.005,0.005,,1.65642274876e-22
0.037288,0.197262,0.0289898989899,0.0289898989899,0.0289898989899,0.0289898989899,0.0289898989899,0.0289898989899,0.0289898989899,0.0289898989899,0.0289898989899,0.005,0.005,0.005,,1.78938943766e-22
0.037288,0.132632,0.0289898989899,0.0289898989899,0.0289898989899,0.0289898989899,0.0289898989899,0.0289898989899,0.0289898989899,0.0289898989899,0.0289898989899,0.005,0.005,0.005,,1.87879154187e-22
0.037288,0.011802,0.0289898989899,0.0289898989899,0.0289898989899,0.0289898989899,0.0289898989899,0.0289898989899,0.0289898989899,0.0289898989899,0.0289898989899,0.005,0.005,0.005,,1.88674681386e-22
0.037288,0.017984,0.0289898989899,0.0289898989899,0.0289898989899,0.0289898989899,0.0289898989899,0.0289898989899,0.0289898989899,0.0289898989899,0.0289898989899,0.005,0.005,0.005,,1.89886913307e-22
0.037288,0.13003497,0.0289898989899,0.0289898989899,0.0289898989899,0.0289898989899,0.0289898989899,0.0289898989899,0.02,0.02,0.02,0.005,0.005,0.005,,1.92765037066e-22
0.037288,0.165672,0.0289898989899,0.0289898989899,0.0289898989899,0.0289898989899,0.0289898989899,0.0289898989899,0.0289898989899,0.0289898989899,0.0289898989899,0.005,0.005,0.005,,2.03932346169e-22
0.037288,0.014742,0.0289898989899,0.0289898989899,0.0289898989899,0.0289898989899,0.0289898989899,0.0289898989899,0.0289898989899,0.0289898989899,0.0289898989899,0.005,0.005,0.005,,2.04926047403e-22
0.037288,0.022464,0.0289898989899,0.0289898989899,0.0289898989899,0.0289898989899,0.0289898989899,0.0289898989899,0.0289898989899,0.0289898989899,0.0289898989899,0.005,0.005,0.005,,2.06440258806e-22
0.037288,0.06110512,0.0289898989899,0.0289898989899,0.0289898989899,0.0289898989899,0.0289898989899,0.0289898989899,0.02,0.02,0.02,0.005,0.005,0.005,,2.07792726513e-22
0.037288,0.009912,0.0289898989899,0.0289898989899,0.0289898989899,0.0289898989899,0.0289898989899,0.0289898989899,0.0289898989899,0.0289898989899,0.0289898989899,0.005,0.005,0.005,,2.08460856117e-22
0.037288,0.015104,0.0289898989899,0.0289898989899,0.0289898989899,0.0289898989899,0.0289898989899,0.0289898989899,0.0289898989899,0.0289898989899,0.0289898989899,0.005,0.005,0.005,,2.09478958372e-22
0.037288,0.00105777,0.0289898989899,0.0289898989899,0.0289898989899,0.0289898989899,0.0289898989899,0.0289898989899,0.02,0.02,0.02,0.005,0.005,0.005,,2.09502370481e-22
0.037288,0.001344,0.0289898989899,0.0289898989899,0.0289898989899,0.0289898989899,0.0289898989899,0.0289898989899,0.0289898989899,0.0289898989899,0.0289898989899,0.005,0.005,0.005,,2.09592964326e-22
0.037288,0.00195328,0.0289898989899,0.0289898989899,0.0289898989899,0.0289898989899,0.0289898989899,0.0289898989899,0.02,0.02,0.02,0.005,0.005,0.005,,2.0963619717e-22
0.003318,0.00842377,0.0289898989899,0.0289898989899,0.0289898989899,0.0289898989899,0.0289898989899,0.0289898989899,0.02,0.02,0.02,0.005,0.005,0.005,,2.09652787808e-22
0.003318,0.044398,0.0289898989899,0.0289898989899,0.0289898989899,0.0289898989899,0.0289898989899,0.0289898989899,0.0289898989899,0.0289898989899,0.0289898989899,0.005,0.005,0.005,,2.09919087167e-22
0.003318,0.055458,0.0289898989899,0.0289898989899,0.0289898989899,0.0289898989899,0.0289898989899,0.0289898989899,0.0289898989899,0.0289898989899,0.0289898989899,0.005,0.005,0.005,,2.10251724445e-22
0.003318,0.037288,0.0289898989899,0.0289898989899,0.0289898989899,0.0289898989899,0.0289898989899,0.0289898989899,0.0289898989899,0.0289898989899,0.0289898989899,0.005,0.005,0.005,,2.10475377999e-22
0.003318,0.003318,0.0289898989899,0.0289898989899,0.0289898989899,0.0289898989899,0.0289898989899,0.0289898989899,0.0289898989899,0.0289898989899,0.0289898989899,0.005,0.005,0.005,,2.10495279374e-22
0.003318,0.005056,0.0289898989899,0.0289898989899,0.0289898989899,0.0289898989899,0.0289898989899,0.0289898989899,0.0289898989899,0.0289898989899,0.0289898989899,0.005,0.005,0.005,,2.1052560528e-22
0.003318,0.08502217,0.0289898989899,0.0289898989899,0.0289898989899,0.0289898989899,0.0289898989899,0.0289898989899,0.02,0.02,0.02,0.005,0.005,0.005,,2.10693056679e-22
0.003318,0.197262,0.0289898989899,0.0289898989899,0.0289898989899,0.0289898989899,0.0289898989899,0.0289898989899,0.0289898989899,0.0289898989899,0.0289898989899,0.005,0.005,0.005,,2.11876234843e-22
0.003318,0.132632,0.0289898989899,0.0289898989899,0.0289898989899,0.0289898989899,0.0289898989899,0.0289898989899,0.0289898989899,0.0289898989899,0.0289898989899,0.005,0.005,0.005,,2.12671762041e-22
0.003318,0.011802,0.0289898989899,0.0289898989899,0.0289898989899,0.0289898989899,0.0289898989899,0.0289898989899,0.0289898989899,0.0289898989899,0.0289898989899,0.005,0.005,0.005,,2.12742550478e-22
0.003318,0.017984,0.0289898989899,0.0289898989899,0.0289898989899,0.0289898989899,0.0289898989899,0.0289898989899,0.0289898989899,0.0289898989899,0.0289898989899,0.005,0.005,0.005,,2.12850418573e-22
0.003318,0.13003497,0.0289898989899,0.0289898989899,0.0289898989899,0.0289898989899,0.0289898989899,0.0289898989899,0.02,0.02,0.02,0.005,0.005,0.005,,2.13106522806e-22
0.003318,0.165672,0.0289898989899,0.0289898989899,0.0289898989899,0.0289898989899,0.0289898989899,0.0289898989899,0.0289898989899,0.0289898989899,0.0289898989899,0.005,0.005,0.005,,2.14100224039e-22
0.003318,0.014742,0.0289898989899,0.0289898989899,0.0289898989899,0.0289898989899,0.0289898989899,0.0289898989899,0.0289898989899,0.0289898989899,0.0289898989899,0.005,0.005,0.005,,2.14188646607e-22
0.003318,0.022464,0.0289898989899,0.0289898989899,0.0289898989899,0.0289898989899,0.0289898989899,0.0289898989899,0.0289898989899,0.0289898989899,0.0289898989899,0.005,0.005,0.005,,2.14323385757e-22
0.003318,0.06110512,0.0289898989899,0.0289898989899,0.0289898989899,0.0289898989899,0.0289898989899,0.0289898989899,0.02,0.02,0.02,0.005,0.005,0.005,,2.1444373246e-22
0.003318,0.009912,0.0289898989899,0.0289898989899,0.0289898989899,0.0289898989899,0.0289898989899,0.0289898989899,0.0289898989899,0.0289898989899,0.0289898989899,0.005,0.005,0.005,,2.1450318467e-22
0.003318,0.015104,0.0289898989899,0.0289898989899,0.0289898989899,0.0289898989899,0.0289898989899,0.0289898989899,0.0289898989899,0.0289898989899,0.0289898989899,0.005,0.005,0.005,,2.14593778515e-22
0.003318,0.00105777,0.0289898989899,0.0289898989899,0.0289898989899,0.0289898989899,0.0289898989899,0.0289898989899,0.02,0.02,0.02,0.005,0.005,0.005,,2.14595861796e-22
0.003318,0.001344,0.0289898989899,0.0289898989899,0.0289898989899,0.0289898989899,0.0289898989899,0.0289898989899,0.0289898989899,0.0289898989899,0.0289898989899,0.005,0.005,0.005,,2.14603923113e-22
0.003318,0.00195328,0.0289898989899,0.0289898989899,0.0289898989899,0.0289898989899,0.0289898989899,0.0289898989899,0.02,0.02,0.02,0.005,0.005,0.005,,2.14607770103e-22
0.005056,0.00842377,0.0289898989899,0.0289898989899,0.0289898989899,0.0289898989899,0.0289898989899,0.0289898989899,0.02,0.02,0.02,0.005,0.005,0.005,,2.14633051076e-22
0.005056,0.044398,0.0289898989899,0.0289898989899,0.0289898989899,0.0289898989899,0.0289898989899,0.0289898989899,0.0289898989899,0.0289898989899,0.0289898989899,0.005,0.005,0.005,,2.15038840575e-22
0.005056,0.055458,0.0289898989899,0.0289898989899,0.0289898989899,0.0289898989899,0.0289898989899,0.0289898989899,0.0289898989899,0.0289898989899,0.0289898989899,0.005,0.005,0.005,,2.15545716426e-22
0.005056,0.037288,0.0289898989899,0.0289898989899,0.0289898989899,0.0289898989899,0.0289898989899,0.0289898989899,0.0289898989899,0.0289898989899,0.0289898989899,0.005,0.005,0.005,,2.15886521842e-22
0.005056,0.003318,0.0289898989899,0.0289898989899,0.0289898989899,0.0289898989899,0.0289898989899,0.0289898989899,0.0289898989899,0.0289898989899,0.0289898989899,0.005,0.005,0.005,,2.15916847747e-22
0.005056,0.005056,0.0289898989899,0.0289898989899,0.0289898989899,0.0289898989899,0.0289898989899,0.0289898989899,0.0289898989899,0.0289898989899,0.0289898989899,0.005,0.005,0.005,,2.15963058651e-22
0.005056,0.08502217,0.0289898989899,0.0289898989899,0.0289898989899,0.0289898989899,0.0289898989899,0.0289898989899,0.02,0.02,0.02,0.005,0.005,0.005,,2.16218222687e-22
0.005056,0.197262,0.0289898989899,0.0289898989899,0.0289898989899,0.0289898989899,0.0289898989899,0.0289898989899,0.0289898989899,0.0289898989899,0.0289898989899,0.005,0.005,0.005,,2.18021160842e-22
0.005056,0.132632,0.0289898989899,0.0289898989899,0.0289898989899,0.0289898989899,0.0289898989899,0.0289898989899,0.0289898989899,0.0289898989899,0.0289898989899,0.005,0.005,0.005,,2.19233392764e-22
0.005056,0.011802,0.0289898989899,0.0289898989899,0.0289898989899,0.0289898989899,0.0289898989899,0.0289898989899,0.0289898989899,0.0289898989899,0.0289898989899,0.005,0.005,0.005,,2.19341260858e-22
0.005056,0.017984,0.0289898989899,0.0289898989899,0.0289898989899,0.0289898989899,0.0289898989899,0.0289898989899,0.0289898989899,0.0289898989899,0.0289898989899,0.005,0.005,0.005,,2.19505631288e-22
0.005056,0.13003497,0.0289898989899,0.0289898989899,0.0289898989899,0.0289898989899,0.0289898989899,0.0289898989899,0.02,0.02,0.02,0.005,0.005,0.005,,2.19895885357e-22
0.005056,0.165672,0.0289898989899,0.0289898989899,0.0289898989899,0.0289898989899,0.0289898989899,0.0289898989899,0.0289898989899,0.0289898989899,0.0289898989899,0.005,0.005,0.005,,2.21410096761e-22
0.005056,0.014742,0.0289898989899,0.0289898989899,0.0289898989899,0.0289898989899,0.0289898989899,0.0289898989899,0.0289898989899,0.0289898989899,0.0289898989899,0.005,0.005,0.005,,2.21544835911e-22
0.005056,0.022464,0.0289898989899,0.0289898989899,0.0289898989899,0.0289898989899,0.0289898989899,0.0289898989899,0.0289898989899,0.0289898989899,0.0289898989899,0.005,0.005,0.005,,2.21750152712e-22
0.005056,0.06110512,0.0289898989899,0.0289898989899,0.0289898989899,0.0289898989899,0.0289898989899,0.0289898989899,0.02,0.02,0.02,0.005,0.005,0.005,,2.21933538164e-22
0.005056,0.009912,0.0289898989899,0.0289898989899,0.0289898989899,0.0289898989899,0.0289898989899,0.0289898989899,0.0289898989899,0.0289898989899,0.0289898989899,0.005,0.005,0.005,,2.22024132008e-22
0.005056,0.015104,0.0289898989899,0.0289898989899,0.0289898989899,0.0289898989899,0.0289898989899,0.0289898989899,0.0289898989899,0.0289898989899,0.0289898989899,0.005,0.005,0.005,,2.22162179772e-22
0.005056,0.00105777,0.0289898989899,0.0289898989899,0.0289898989899,0.0289898989899,0.0289898989899,0.0289898989899,0.02,0.02,0.02,0.005,0.005,0.005,,2.22165354295e-22
0.005056,0.001344,0.0289898989899,0.0289898989899,0.0289898989899,0.0289898989899,0.0289898989899,0.0289898989899,0.0289898989899,0.0289898989899,0.0289898989899,0.005,0.005,0.005,,2.22177638206e-22
0.005056,0.00195328,0.0289898989899,0.0289898989899,0.0289898989899,0.0289898989899,0.0289898989899,0.0289898989899,0.02,0.02,0.02,0.005,0.005,0.005,,2.22183500287e-22
0.08502217,0.00842377,0.0289898989899,0.0289898989899,0.0289898989899,0.02,0.02,0.02,0.02,0.02,0.02,0.005,0.005,0.005,,2.22323094938e-22
0.08502217,0.044398,0.0289898989899,0.0289898989899,0.0289898989899,0.02,0.02,0.02,0.0289898989899,0.0289898989899,0.0289898989899,0.005,0.005,0.005,,2.24563754131e-22
0.08502217,0.055458,0.0289898989899,0.0289898989899,0.0289898989899,0.02,0.02,0.02,0.0289898989899,0.0289898989899,0.0289898989899,0.005,0.005,0.005,,2.27362584654e-22
0.08502217,0.037288,0.0289898989899,0.0289898989899,0.0289898989899,0.02,0.02,0.02,0.0289898989899,0.0289898989899,0.0289898989899,0.005,0.005,0.005,,2.29244419421e-22
0.08502217,0.003318,0.0289898989899,0.0289898989899,0.0289898989899,0.02,0.02,0.02,0.0289898989899,0.0289898989899,0.0289898989899,0.005,0.005,0.005,,2.29411870819e-22
0.08502217,0.005056,0.0289898989899,0.0289898989899,0.0289898989899,0.02,0.02,0.02,0.0289898989899,0.0289898989899,0.0289898989899,0.005,0.005,0.005,,2.29667034856e-22
0.08502217,0.08502217,0.0289898989899,0.0289898989899,0.0289898989899,0.02,0.02,0.02,0.02,0.02,0.02,0.005,0.005,0.005,,2.3107598123e-22
0.08502217,0.197262,0.0289898989899,0.0289898989899,0.0289898989899,0.02,0.02,0.02,0.0289898989899,0.0289898989899,0.0289898989899,0.005,0.005,0.005,,2.41031315113e-22
0.08502217,0.132632,0.0289898989899,0.0289898989899,0.0289898989899,0.02,0.02,0.02,0.0289898989899,0.0289898989899,0.0289898989899,0.005,0.005,0.005,,2.47724929917e-22
0.08502217,0.011802,0.0289898989899,0.0289898989899,0.0289898989899,0.02,0.02,0.02,0.0289898989899,0.0289898989899,0.0289898989899,0.005,0.005,0.005,,2.48320548184e-22
0.08502217,0.017984,0.0289898989899,0.0289898989899,0.0289898989899,0.02,0.02,0.02,0.0289898989899,0.0289898989899,0.0289898989899,0.005,0.005,0.005,,2.49228156971e-22
0.08502217,0.13003497,0.0289898989899,0.0289898989899,0.0289898989899,0.02,0.02,0.02,0.02,0.02,0.02,0.005,0.005,0.005,,2.51383033746e-22
0.08502217,0.165672,0.0289898989899,0.0289898989899,0.0289898989899,0.02,0.02,0.02,0.0289898989899,0.0289898989899,0.0289898989899,0.005,0.005,0.005,,2.59744097078e-22
0.08502217,0.014742,0.0289898989899,0.0289898989899,0.0289898989899,0.02,0.02,0.02,0.0289898989899,0.0289898989899,0.0289898989899,0.005,0.005,0.005,,2.60488090001e-22
0.08502217,0.022464,0.0289898989899,0.0289898989899,0.0289898989899,0.02,0.02,0.02,0.0289898989899,0.0289898989899,0.0289898989899,0.005,0.005,0.005,,2.61621793504e-22
0.08502217,0.06110512,0.0289898989899,0.0289898989899,0.0289898989899,0.02,0.02,0.02,0.02,0.02,0.02,0.005,0.005,0.005,,2.62634398067e-22
0.08502217,0.009912,0.0289898989899,0.0289898989899,0.0289898989899,0.02,0.02,0.02,0.0289898989899,0.0289898989899,0.0289898989899,0.005,0.005,0.005,,2.63134632625e-22
0.08502217,0.015104,0.0289898989899,0.0289898989899,0.0289898989899,0.02,0.02,0.02,0.0289898989899,0.0289898989899,0.0289898989899,0.005,0.005,0.005,,2.63896894809e-22
0.08502217,0.00105777,0.0289898989899,0.0289898989899,0.0289898989899,0.02,0.02,0.02,0.02,0.02,0.02,0.005,0.005,0.005,,2.63914423663e-22
0.08502217,0.001344,0.0289898989899,0.0289898989899,0.0289898989899,0.02,0.02,0.02,0.0289898989899,0.0289898989899,0.0289898989899,0.005,0.005,0.005,,2.63982252078e-22
0.08502217,0.00195328,0.0289898989899,0.0289898989899,0.0289898989899,0.02,0.02,0.02,0.02,0.02,0.02,0.005,0.005,0.005,,2.64014620891e-22
0.197262,0.00842377,0.0289898989899,0.0289898989899,0.0289898989899,0.0289898989899,0.0289898989899,0.0289898989899,0.02,0.02,0.02,0.005,0.005,0.005,,2.65000968839e-22
0.197262,0.044398,0.0289898989899,0.0289898989899,0.0289898989899,0.0289898989899,0.0289898989899,0.0289898989899,0.0289898989899,0.0289898989899,0.0289898989899,0.005,0.005,0.005,,2.80833019509e-22
0.197262,0.055458,0.0289898989899,0.0289898989899,0.0289898989899,0.0289898989899,0.0289898989899,0.0289898989899,0.0289898989899,0.0289898989899,0.0289898989899,0.005,0.005,0.005,,3.00608997391e-22
0.197262,0.037288,0.0289898989899,0.0289898989899,0.0289898989899,0.0289898989899,0.0289898989899,0.0289898989899,0.0289898989899,0.0289898989899,0.0289898989899,0.005,0.005,0.005,,3.13905666281e-22
0.197262,0.003318,0.0289898989899,0.0289898989899,0.0289898989899,0.0289898989899,0.0289898989899,0.0289898989899,0.0289898989899,0.0289898989899,0.0289898989899,0.005,0.005,0.005,,3.15088844445e-22
0.197262,0.005056,0.0289898989899,0.0289898989899,0.0289898989899,0.0289898989899,0.0289898989899,0.0289898989899,0.0289898989899,0.0289898989899,0.0289898989899,0.005,0.005,0.005,,3.16891782599e-22
0.197262,0.08502217,0.0289898989899,0.0289898989899,0.0289898989899,0.0289898989899,0.0289898989899,0.0289898989899,0.02,0.02,0.02,0.005,0.005,0.005,,3.26847116482e-22
0.197262,0.197262,0.0289898989899,0.0289898989899,0.0289898989899,0.0289898989899,0.0289898989899,0.0289898989899,0.0289898989899,0.0289898989899,0.0289898989899,0.005,0.005,0.005,,3.97189518823e-22
0.197262,0.132632,0.0289898989899,0.0289898989899,0.0289898989899,0.0289898989899,0.0289898989899,0.0289898989899,0.0289898989899,0.0289898989899,0.0289898989899,0.005,0.005,0.005,,4.44485265127e-22
0.197262,0.011802,0.0289898989899,0.0289898989899,0.0289898989899,0.0289898989899,0.0289898989899,0.0289898989899,0.0289898989899,0.0289898989899,0.0289898989899,0.005,0.005,0.005,,4.48693784925e-22
0.197262,0.017984,0.0289898989899,0.0289898989899,0.0289898989899,0.0289898989899,0.0289898989899,0.0289898989899,0.0289898989899,0.0289898989899,0.0289898989899,0.005,0.005,0.005,,4.55106767475e-22
0.197262,0.13003497,0.0289898989899,0.0289898989899,0.0289898989899,0.0289898989899,0.0289898989899,0.0289898989899,0.02,0.02,0.02,0.005,0.005,0.005,,4.70332696698e-22
0.197262,0.165672,0.0289898989899,0.0289898989899,0.0289898989899,0.0289898989899,0.0289898989899,0.0289898989899,0.0289898989899,0.0289898989899,0.0289898989899,0.005,0.005,0.005,,5.29410301511e-22
0.197262,0.014742,0.0289898989899,0.0289898989899,0.0289898989899,0.0289898989899,0.0289898989899,0.0289898989899,0.0289898989899,0.0289898989899,0.0289898989899,0.005,0.005,0.005,,5.34667207024e-22
0.197262,0.022464,0.0289898989899,0.0289898989899,0.0289898989899,0.0289898989899,0.0289898989899,0.0289898989899,0.0289898989899,0.0289898989899,0.0289898989899,0.005,0.005,0.005,,5.42677729711e-22
0.197262,0.06110512,0.0289898989899,0.0289898989899,0.0289898989899,0.0289898989899,0.0289898989899,0.0289898989899,0.02,0.02,0.02,0.005,0.005,0.005,,5.49832591455e-22
0.197262,0.009912,0.0289898989899,0.0289898989899,0.0289898989899,0.0289898989899,0.0289898989899,0.0289898989899,0.0289898989899,0.0289898989899,0.0289898989899,0.005,0.005,0.005,,5.53367149008e-22
0.197262,0.015104,0.0289898989899,0.0289898989899,0.0289898989899,0.0289898989899,0.0289898989899,0.0289898989899,0.0289898989899,0.0289898989899,0.0289898989899,0.005,0.005,0.005,,5.5875314147e-22
0.197262,0.00105777,0.0289898989899,0.0289898989899,0.0289898989899,0.0289898989899,0.0289898989899,0.0289898989899,0.02,0.02,0.02,0.005,0.005,0.005,,5.58876996854e-22
0.197262,0.001344,0.0289898989899,0.0289898989899,0.0289898989899,0.0289898989899,0.0289898989899,0.0289898989899,0.0289898989899,0.0289898989899,0.0289898989899,0.005,0.005,0.005,,5.59356258895e-22
0.197262,0.00195328,0.0289898989899,0.0289898989899,0.0289898989899,0.0289898989899,0.0289898989899,0.0289898989899,0.02,0.02,0.02,0.005,0.005,0.005,,5.59584970472e-22
0.132632,0.00842377,0.0289898989899,0.0289898989899,0.0289898989899,0.0289898989899,0.0289898989899,0.0289898989899,0.02,0.02,0.02,0.005,0.005,0.005,,5.60248155986e-22
0.132632,0.044398,0.0289898989899,0.0289898989899,0.0289898989899,0.0289898989899,0.0289898989899,0.0289898989899,0.0289898989899,0.0289898989899,0.0289898989899,0.005,0.005,0.005,,5.70893067548e-22
0.132632,0.055458,0.0289898989899,0.0289898989899,0.0289898989899,0.0289898989899,0.0289898989899,0.0289898989899,0.0289898989899,0.0289898989899,0.0289898989899,0.005,0.005,0.005,,5.84189736437e-22
0.132632,0.037288,0.0289898989899,0.0289898989899,0.0289898989899,0.0289898989899,0.0289898989899,0.0289898989899,0.0289898989899,0.0289898989899,0.0289898989899,0.005,0.005,0.005,,5.93129946859e-22
0.132632,0.003318,0.0289898989899,0.0289898989899,0.0289898989899,0.0289898989899,0.0289898989899,0.0289898989899,0.0289898989899,0.0289898989899,0.0289898989899,0.005,0.005,0.005,,5.93925474057e-22
0.132632,0.005056,0.0289898989899,0.0289898989899,0.0289898989899,0.0289898989899,0.0289898989899,0.0289898989899,0.0289898989899,0.0289898989899,0.0289898989899,0.005,0.005,0.005,,5.95137705979e-22
0.132632,0.08502217,0.0289898989899,0.0289898989899,0.0289898989899,0.0289898989899,0.0289898989899,0.0289898989899,0.02,0.02,0.02,0.005,0.005,0.005,,6.01831320783e-22
0.132632,0.197262,0.0289898989899,0.0289898989899,0.0289898989899,0.0289898989899,0.0289898989899,0.0289898989899,0.0289898989899,0.0289898989899,0.0289898989899,0.005,0.005,0.005,,6.49127067087e-22
0.132632,0.132632,0.0289898989899,0.0289898989899,0.0289898989899,0.0289898989899,0.0289898989899,0.0289898989899,0.0289898989899,0.0289898989899,0.0289898989899,0.005,0.005,0.005,,6.80927056054e-22
0.132632,0.011802,0.0289898989899,0.0289898989899,0.0289898989899,0.0289898989899,0.0289898989899,0.0289898989899,0.0289898989899,0.0289898989899,0.0289898989899,0.005,0.005,0.005,,6.8375671609e-22
0.132632,0.017984,0.0289898989899,0.0289898989899,0.0289898989899,0.0289898989899,0.0289898989899,0.0289898989899,0.0289898989899,0.0289898989899,0.0289898989899,0.005,0.005,0.005,,6.88068579e-22
0.132632,0.13003497,0.0289898989899,0.0289898989899,0.0289898989899,0.0289898989899,0.0289898989899,0.0289898989899,0.02,0.02,0.02,0.005,0.005,0.005,,6.98305955914e-22
0.132632,0.165672,0.0289898989899,0.0289898989899,0.0289898989899,0.0289898989899,0.0289898989899,0.0289898989899,0.0289898989899,0.0289898989899,0.0289898989899,0.005,0.005,0.005,,7.38027650318e-22
0.132632,0.014742,0.0289898989899,0.0289898989899,0.0289898989899,0.0289898989899,0.0289898989899,0.0289898989899,0.0289898989899,0.0289898989899,0.0289898989899,0.005,0.005,0.005,,7.41562207871e-22
0.132632,0.022464,0.0289898989899,0.0289898989899,0.0289898989899,0.0289898989899,0.0289898989899,0.0289898989899,0.0289898989899,0.0289898989899,0.0289898989899,0.005,0.005,0.005,,7.46948200333e-22
0.132632,0.06110512,0.0289898989899,0.0289898989899,0.0289898989899,0.0289898989899,0.0289898989899,0.0289898989899,0.02,0.02,0.02,0.005,0.005,0.005,,7.51758876605e-22
0.132632,0.009912,0.0289898989899,0.0289898989899,0.0289898989899,0.0289898989899,0.0289898989899,0.0289898989899,0.0289898989899,0.0289898989899,0.0289898989899,0.005,0.005,0.005,,7.54135388236e-22
0.132632,0.015104,0.0289898989899,0.0289898989899,0.0289898989899,0.0289898989899,0.0289898989899,0.0289898989899,0.0289898989899,0.0289898989899,0.0289898989899,0.005,0.005,0.005,,7.57756739293e-22
0.132632,0.00105777,0.0289898989899,0.0289898989899,0.0289898989899,0.0289898989899,0.0289898989899,0.0289898989899,0.02,0.02,0.02,0.005,0.005,0.005,,7.57840015278e-22
0.132632,0.001344,0.0289898989899,0.0289898989899,0.0289898989899,0.0289898989899,0.0289898989899,0.0289898989899,0.0289898989899,0.0289898989899,0.0289898989899,0.005,0.005,0.005,,7.58162254143e-22
0.132632,0.00195328,0.0289898989899,0.0289898989899,0.0289898989899,0.0289898989899,0.0289898989899,0.0289898989899,0.02,0.02,0.02,0.005,0.005,0.005,,7.58316031728e-22
0.011802,0.00842377,0.0289898989899,0.0289898989899,0.0289898989899,0.0289898989899,0.0289898989899,0.0289898989899,0.02,0.02,0.02,0.005,0.005,0.005,,7.58375043998e-22
0.011802,0.044398,0.0289898989899,0.0289898989899,0.0289898989899,0.0289898989899,0.0289898989899,0.0289898989899,0.0289898989899,0.0289898989899,0.0289898989899,0.005,0.005,0.005,,7.59322260705e-22
0.011802,0.055458,0.0289898989899,0.0289898989899,0.0289898989899,0.0289898989899,0.0289898989899,0.0289898989899,0.0289898989899,0.0289898989899,0.0289898989899,0.005,0.005,0.005,,7.60505438869e-22
0.011802,0.037288,0.0289898989899,0.0289898989899,0.0289898989899,0.0289898989899,0.0289898989899,0.0289898989899,0.0289898989899,0.0289898989899,0.0289898989899,0.005,0.005,0.005,,7.61300966067e-22
0.011802,0.003318,0.0289898989899,0.0289898989899,0.0289898989899,0.0289898989899,0.0289898989899,0.0289898989899,0.0289898989899,0.0289898989899,0.0289898989899,0.005,0.005,0.005,,7.61371754504e-22
0.011802,0.005056,0.0289898989899,0.0289898989899,0.0289898989899,0.0289898989899,0.0289898989899,0.0289898989899,0.0289898989899,0.0289898989899,0.0289898989899,0.005,0.005,0.005,,7.61479622599e-22
0.011802,0.08502217,0.0289898989899,0.0289898989899,0.0289898989899,0.0289898989899,0.0289898989899,0.0289898989899,0.02,0.02,0.02,0.005,0.005,0.005,,7.62075240866e-22
0.011802,0.197262,0.0289898989899,0.0289898989899,0.0289898989899,0.0289898989899,0.0289898989899,0.0289898989899,0.0289898989899,0.0289898989899,0.0289898989899,0.005,0.005,0.005,,7.66283760664e-22
0.011802,0.132632,0.0289898989899,0.0289898989899,0.0289898989899,0.0289898989899,0.0289898989899,0.0289898989899,0.0289898989899,0.0289898989899,0.0289898989899,0.005,0.005,0.005,,7.69113420699e-22
0.011802,0.011802,0.0289898989899,0.0289898989899,0.0289898989899,0.0289898989899,0.0289898989899,0.0289898989899,0.0289898989899,0.0289898989899,0.0289898989899,0.005,0.005,0.005,,7.69365212482e-22
0.011802,0.017984,0.0289898989899,0.0289898989899,0.0289898989899,0.0289898989899,0.0289898989899,0.0289898989899,0.0289898989899,0.0289898989899,0.0289898989899,0.005,0.005,0.005,,7.69748895198e-22
0.011802,0.13003497,0.0289898989899,0.0289898989899,0.0289898989899,0.0289898989899,0.0289898989899,0.0289898989899,0.02,0.02,0.02,0.005,0.005,0.005,,7.70659848229e-22
0.011802,0.165672,0.0289898989899,0.0289898989899,0.0289898989899,0.0289898989899,0.0289898989899,0.0289898989899,0.0289898989899,0.0289898989899,0.0289898989899,0.005,0.005,0.005,,7.74194405782e-22
0.011802,0.014742,0.0289898989899,0.0289898989899,0.0289898989899,0.0289898989899,0.0289898989899,0.0289898989899,0.0289898989899,0.0289898989899,0.0289898989899,0.005,0.005,0.005,,7.74508921496e-22
0.011802,0.022464,0.0289898989899,0.0289898989899,0.0289898989899,0.0289898989899,0.0289898989899,0.0289898989899,0.0289898989899,0.0289898989899,0.0289898989899,0.005,0.005,0.005,,7.74988183537e-22
0.011802,0.06110512,0.0289898989899,0.0289898989899,0.0289898989899,0.0289898989899,0.0289898989899,0.0289898989899,0.02,0.02,0.02,0.005,0.005,0.005,,7.75416252189e-22
0.011802,0.009912,0.0289898989899,0.0289898989899,0.0289898989899,0.0289898989899,0.0289898989899,0.0289898989899,0.0289898989899,0.0289898989899,0.0289898989899,0.005,0.005,0.005,,7.75627721444e-22
0.011802,0.015104,0.0289898989899,0.0289898989899,0.0289898989899,0.0289898989899,0.0289898989899,0.0289898989899,0.0289898989899,0.0289898989899,0.0289898989899,0.005,0.005,0.005,,7.75949960309e-22
0.011802,0.00105777,0.0289898989899,0.0289898989899,0.0289898989899,0.0289898989899,0.0289898989899,0.0289898989899,0.02,0.02,0.02,0.005,0.005,0.005,,7.7595737046e-22
0.011802,0.001344,0.0289898989899,0.0289898989899,0.0289898989899,0.0289898989899,0.0289898989899,0.0289898989899,0.0289898989899,0.0289898989899,0.0289898989899,0.005,0.005,0.005,,7.75986044258e-22
0.011802,0.00195328,0.0289898989899,0.0289898989899,0.0289898989899,0.0289898989899,0.0289898989899,0.0289898989899,0.02,0.02,0.02,0.005,0.005,0.005,,7.75999727856e-22
0.017984,0.00842377,0.0289898989899,0.0289898989899,0.0289898989899,0.0289898989899,0.0289898989899,0.0289898989899,0.02,0.02,0.02,0.005,0.005,0.005,,7.76089651316e-22
0.017984,0.044398,0.0289898989899,0.0289898989899,0.0289898989899,0.0289898989899,0.0289898989899,0.0289898989899,0.0289898989899,0.0289898989899,0.0289898989899,0.005,0.005,0.005,,7.77533029155e-22
0.017984,0.055458,0.0289898989899,0.0289898989899,0.0289898989899,0.0289898989899,0.0289898989899,0.0289898989899,0.0289898989899,0.0289898989899,0.0289898989899,0.005,0.005,0.005,,7.79335967309e-22
0.017984,0.037288,0.0289898989899,0.0289898989899,0.0289898989899,0.0289898989899,0.0289898989899,0.0289898989899,0.0289898989899,0.0289898989899,0.0289898989899,0.005,0.005,0.005,,7.80548199231e-22
0.017984,0.003318,0.0289898989899,0.0289898989899,0.0289898989899,0.0289898989899,0.0289898989899,0.0289898989899,0.0289898989899,0.0289898989899,0.0289898989899,0.005,0.005,0.005,,7.80656067326e-22
0.017984,0.005056,0.0289898989899,0.0289898989899,0.0289898989899,0.0289898989899,0.0289898989899,0.0289898989899,0.0289898989899,0.0289898989899,0.0289898989899,0.005,0.005,0.005,,7.80820437756e-22
0.017984,0.08502217,0.0289898989899,0.0289898989899,0.0289898989899,0.0289898989899,0.0289898989899,0.0289898989899,0.02,0.02,0.02,0.005,0.005,0.005,,7.81728046543e-22
0.017984,0.197262,0.0289898989899,0.0289898989899,0.0289898989899,0.0289898989899,0.0289898989899,0.0289898989899,0.0289898989899,0.0289898989899,0.0289898989899,0.005,0.005,0.005,,7.88141029092e-22
0.017984,0.132632,0.0289898989899,0.0289898989899,0.0289898989899,0.0289898989899,0.0289898989899,0.0289898989899,0.0289898989899,0.0289898989899,0.0289898989899,0.005,0.005,0.005,,7.92452892003e-22
0.017984,0.011802,0.0289898989899,0.0289898989899,0.0289898989899,0.0289898989899,0.0289898989899,0.0289898989899,0.0289898989899,0.0289898989899,0.0289898989899,0.005,0.005,0.005,,7.9283657472e-22
0.017984,0.017984,0.0289898989899,0.0289898989899,0.0289898989899,0.0289898989899,0.0289898989899,0.0289898989899,0.0289898989899,0.0289898989899,0.0289898989899,0.005,0.005,0.005,,7.93421234098e-22
0.017984,0.13003497,0.0289898989899,0.0289898989899,0.0289898989899,0.0289898989899,0.0289898989899,0.0289898989899,0.02,0.02,0.02,0.005,0.005,0.005,,7.94809353001e-22
0.017984,0.165672,0.0289898989899,0.0289898989899,0.0289898989899,0.0289898989899,0.0289898989899,0.0289898989899,0.0289898989899,0.0289898989899,0.0289898989899,0.005,0.005,0.005,,8.00195345463e-22
0.017984,0.014742,0.0289898989899,0.0289898989899,0.0289898989899,0.0289898989899,0.0289898989899,0.0289898989899,0.0289898989899,0.0289898989899,0.0289898989899,0.005,0.005,0.005,,8.00674607504e-22
0.017984,0.022464,0.0289898989899,0.0289898989899,0.0289898989899,0.0289898989899,0.0289898989899,0.0289898989899,0.0289898989899,0.0289898989899,0.0289898989899,0.005,0.005,0.005,,8.01404911566e-22
0.017984,0.06110512,0.0289898989899,0.0289898989899,0.0289898989899,0.0289898989899,0.0289898989899,0.0289898989899,0.02,0.02,0.02,0.005,0.005,0.005,,8.02057206654e-22
0.017984,0.009912,0.0289898989899,0.0289898989899,0.0289898989899,0.0289898989899,0.0289898989899,0.0289898989899,0.0289898989899,0.0289898989899,0.0289898989899,0.005,0.005,0.005,,8.02379445519e-22
0.017984,0.015104,0.0289898989899,0.0289898989899,0.0289898989899,0.0289898989899,0.0289898989899,0.0289898989899,0.0289898989899,0.0289898989899,0.0289898989899,0.005,0.005,0.005,,8.02870476171e-22
0.017984,0.00105777,0.0289898989899,0.0289898989899,0.0289898989899,0.0289898989899,0.0289898989899,0.0289898989899,0.02,0.02,0.02,0.005,0.005,0.005,,8.0288176783e-22
0.017984,0.001344,0.0289898989899,0.0289898989899,0.0289898989899,0.0289898989899,0.0289898989899,0.0289898989899,0.0289898989899,0.0289898989899,0.0289898989899,0.005,0.005,0.005,,8.02925461236e-22
0.017984,0.00195328,0.0289898989899,0.0289898989899,0.0289898989899,0.0289898989899,0.0289898989899,0.0289898989899,0.02,0.02,0.02,0.005,0.005,0.005,,8.02946312434e-22
0.13003497,0.00842377,0.0289898989899,0.0289898989899,0.0289898989899,0.02,0.02,0.02,0.02,0.02,0.02,0.005,0.005,0.005,,8.03159811881e-22
0.13003497,0.044398,0.0289898989899,0.0289898989899,0.0289898989899,0.02,0.02,0.02,0.0289898989899,0.0289898989899,0.0289898989899,0.005,0.005,0.005,,8.06586730424e-22
0.13003497,0.055458,0.0289898989899,0.0289898989899,0.0289898989899,0.02,0.02,0.02,0.0289898989899,0.0289898989899,0.0289898989899,0.005,0.005,0.005,,8.10867329743e-22
0.13003497,0.037288,0.0289898989899,0.0289898989899,0.0289898989899,0.02,0.02,0.02,0.0289898989899,0.0289898989899,0.0289898989899,0.005,0.005,0.005,,8.13745453502e-22
0.13003497,0.003318,0.0289898989899,0.0289898989899,0.0289898989899,0.02,0.02,0.02,0.0289898989899,0.0289898989899,0.0289898989899,0.005,0.005,0.005,,8.14001557734e-22
0.13003497,0.005056,0.0289898989899,0.0289898989899,0.0289898989899,0.02,0.02,0.02,0.0289898989899,0.0289898989899,0.0289898989899,0.005,0.005,0.005,,8.14391811803e-22
0.13003497,0.08502217,0.0289898989899,0.0289898989899,0.0289898989899,0.02,0.02,0.02,0.02,0.02,0.02,0.005,0.005,0.005,,8.16546688578e-22
0.13003497,0.197262,0.0289898989899,0.0289898989899,0.0289898989899,0.02,0.02,0.02,0.0289898989899,0.0289898989899,0.0289898989899,0.005,0.005,0.005,,8.31772617801e-22
0.13003497,0.132632,0.0289898989899,0.0289898989899,0.0289898989899,0.02,0.02,0.02,0.0289898989899,0.0289898989899,0.0289898989899,0.005,0.005,0.005,,8.42009994715e-22
0.13003497,0.011802,0.0289898989899,0.0289898989899,0.0289898989899,0.02,0.02,0.02,0.0289898989899,0.0289898989899,0.0289898989899,0.005,0.005,0.005,,8.42920947745e-22
0.13003497,0.017984,0.0289898989899,0.0289898989899,0.0289898989899,0.02,0.02,0.02,0.0289898989899,0.0289898989899,0.0289898989899,0.005,0.005,0.005,,8.44309066649e-22
0.13003497,0.13003497,0.0289898989899,0.0289898989899,0.0289898989899,0.02,0.02,0.02,0.02,0.02,0.02,0.005,0.005,0.005,,8.4760478748e-22
0.13003497,0.165672,0.0289898989899,0.0289898989899,0.0289898989899,0.02,0.02,0.02,0.0289898989899,0.0289898989899,0.0289898989899,0.005,0.005,0.005,,8.60392400635e-22
0.13003497,0.014742,0.0289898989899,0.0289898989899,0.0289898989899,0.02,0.02,0.02,0.0289898989899,0.0289898989899,0.0289898989899,0.005,0.005,0.005,,8.61530281467e-22
0.13003497,0.022464,0.0289898989899,0.0289898989899,0.0289898989899,0.02,0.02,0.02,0.0289898989899,0.0289898989899,0.0289898989899,0.005,0.005,0.005,,8.63264195115e-22
0.13003497,0.06110512,0.0289898989899,0.0289898989899,0.0289898989899,0.02,0.02,0.02,0.02,0.02,0.02,0.005,0.005,0.005,,8.64812897105e-22
0.13003497,0.009912,0.0289898989899,0.0289898989899,0.0289898989899,0.02,0.02,0.02,0.0289898989899,0.0289898989899,0.0289898989899,0.005,0.005,0.005,,8.65577967978e-22
0.13003497,0.015104,0.0289898989899,0.0289898989899,0.0289898989899,0.02,0.02,0.02,0.0289898989899,0.0289898989899,0.0289898989899,0.005,0.005,0.005,,8.6674379026e-22
0.13003497,0.00105777,0.0289898989899,0.0289898989899,0.0289898989899,0.02,0.02,0.02,0.02,0.02,0.02,0.005,0.005,0.005,,8.66770599315e-22
0.13003497,0.001344,0.0289898989899,0.0289898989899,0.0289898989899,0.02,0.02,0.02,0.0289898989899,0.0289898989899,0.0289898989899,0.005,0.005,0.005,,8.66874337738e-22
0.13003497,0.00195328,0.0289898989899,0.0289898989899,0.0289898989899,0.02,0.02,0.02,0.02,0.02,0.02,0.005,0.005,0.005,,8.66923843387e-22
0.165672,0.00842377,0.0289898989899,0.0289898989899,0.0289898989899,0.0289898989899,0.0289898989899,0.0289898989899,0.02,0.02,0.02,0.005,0.005,0.005,,8.67752235258e-22
0.165672,0.044398,0.0289898989899,0.0289898989899,0.0289898989899,0.0289898989899,0.0289898989899,0.0289898989899,0.0289898989899,0.0289898989899,0.0289898989899,0.005,0.005,0.005,,8.81048904147e-22
0.165672,0.055458,0.0289898989899,0.0289898989899,0.0289898989899,0.0289898989899,0.0289898989899,0.0289898989899,0.0289898989899,0.0289898989899,0.0289898989899,0.005,0.005,0.005,,8.97657910483e-22
0.165672,0.037288,0.0289898989899,0.0289898989899,0.0289898989899,0.0289898989899,0.0289898989899,0.0289898989899,0.0289898989899,0.0289898989899,0.0289898989899,0.005,0.005,0.005,,9.08825219586e-22
0.165672,0.003318,0.0289898989899,0.0289898989899,0.0289898989899,0.0289898989899,0.0289898989899,0.0289898989899,0.0289898989899,0.0289898989899,0.0289898989899,0.005,0.005,0.005,,9.0981892082e-22
0.165672,0.005056,0.0289898989899,0.0289898989899,0.0289898989899,0.0289898989899,0.0289898989899,0.0289898989899,0.0289898989899,0.0289898989899,0.0289898989899,0.005,0.005,0.005,,9.11333132223e-22
0.165672,0.08502217,0.0289898989899,0.0289898989899,0.0289898989899,0.0289898989899,0.0289898989899,0.0289898989899,0.02,0.02,0.02,0.005,0.005,0.005,,9.19694195556e-22
0.165672,0.197262,0.0289898989899,0.0289898989899,0.0289898989899,0.0289898989899,0.0289898989899,0.0289898989899,0.0289898989899,0.0289898989899,0.0289898989899,0.005,0.005,0.005,,9.78771800369e-22
0.165672,0.132632,0.0289898989899,0.0289898989899,0.0289898989899,0.0289898989899,0.0289898989899,0.0289898989899,0.0289898989899,0.0289898989899,0.0289898989899,0.005,0.005,0.005,,1.01849349477e-21
0.165672,0.011802,0.0289898989899,0.0289898989899,0.0289898989899,0.0289898989899,0.0289898989899,0.0289898989899,0.0289898989899,0.0289898989899,0.0289898989899,0.005,0.005,0.005,,1.02202805233e-21
0.165672,0.017984,0.0289898989899,0.0289898989899,0.0289898989899,0.0289898989899,0.0289898989899,0.0289898989899,0.0289898989899,0.0289898989899,0.0289898989899,0.005,0.005,0.005,,1.02741404479e-21
0.165672,0.13003497,0.0289898989899,0.0289898989899,0.0289898989899,0.0289898989899,0.0289898989899,0.0289898989899,0.02,0.02,0.02,0.005,0.005,0.005,,1.04020165794e-21
0.165672,0.165672,0.0289898989899,0.0289898989899,0.0289898989899,0.0289898989899,0.0289898989899,0.0289898989899,0.0289898989899,0.0289898989899,0.0289898989899,0.005,0.005,0.005,,1.08981843636e-21
0.165672,0.014742,0.0289898989899,0.0289898989899,0.0289898989899,0.0289898989899,0.0289898989899,0.0289898989899,0.0289898989899,0.0289898989899,0.0289898989899,0.005,0.005,0.005,,1.09423348868e-21
0.165672,0.022464,0.0289898989899,0.0289898989899,0.0289898989899,0.0289898989899,0.0289898989899,0.0289898989899,0.0289898989899,0.0289898989899,0.0289898989899,0.005,0.005,0.005,,1.10096118745e-21
0.165672,0.06110512,0.0289898989899,0.0289898989899,0.0289898989899,0.0289898989899,0.0289898989899,0.0289898989899,0.02,0.02,0.02,0.005,0.005,0.005,,1.10697025283e-21
0.165672,0.009912,0.0289898989899,0.0289898989899,0.0289898989899,0.0289898989899,0.0289898989899,0.0289898989899,0.0289898989899,0.0289898989899,0.0289898989899,0.005,0.005,0.005,,1.10993877803e-21
0.165672,0.015104,0.0289898989899,0.0289898989899,0.0289898989899,0.0289898989899,0.0289898989899,0.0289898989899,0.0289898989899,0.0289898989899,0.0289898989899,0.005,0.005,0.005,,1.11446224501e-21
0.165672,0.00105777,0.0289898989899,0.0289898989899,0.0289898989899,0.0289898989899,0.0289898989899,0.0289898989899,0.02,0.02,0.02,0.005,0.005,0.005,,1.1145662659e-21
0.165672,0.001344,0.0289898989899,0.0289898989899,0.0289898989899,0.0289898989899,0.0289898989899,0.0289898989899,0.0289898989899,0.0289898989899,0.0289898989899,0.005,0.005,0.005,,1.1149687778e-21
0.165672,0.00195328,0.0289898989899,0.0289898989899,0.0289898989899,0.0289898989899,0.0289898989899,0.0289898989899,0.02,0.02,0.02,0.005,0.005,0.005,,1.11516086296e-21
0.014742,0.00842377,0.0289898989899,0.0289898989899,0.0289898989899,0.0289898989899,0.0289898989899,0.0289898989899,0.02,0.02,0.02,0.005,0.005,0.005,,1.1152345758e-21
0.014742,0.044398,0.0289898989899,0.0289898989899,0.0289898989899,0.0289898989899,0.0289898989899,0.0289898989899,0.0289898989899,0.0289898989899,0.0289898989899,0.005,0.005,0.005,,1.11641775396e-21
0.014742,0.055458,0.0289898989899,0.0289898989899,0.0289898989899,0.0289898989899,0.0289898989899,0.0289898989899,0.0289898989899,0.0289898989899,0.0289898989899,0.005,0.005,0.005,,1.11789567402e-21
0.014742,0.037288,0.0289898989899,0.0289898989899,0.0289898989899,0.0289898989899,0.0289898989899,0.0289898989899,0.0289898989899,0.0289898989899,0.0289898989899,0.005,0.005,0.005,,1.11888937525e-21
0.014742,0.003318,0.0289898989899,0.0289898989899,0.0289898989899,0.0289898989899,0.0289898989899,0.0289898989899,0.0289898989899,0.0289898989899,0.0289898989899,0.005,0.005,0.005,,1.11897779782e-21
0.014742,0.005056,0.0289898989899,0.0289898989899,0.0289898989899,0.0289898989899,0.0289898989899,0.0289898989899,0.0289898989899,0.0289898989899,0.0289898989899,0.005,0.005,0.005,,1.11911253697e-21
0.014742,0.08502217,0.0289898989899,0.0289898989899,0.0289898989899,0.0289898989899,0.0289898989899,0.0289898989899,0.02,0.02,0.02,0.005,0.005,0.005,,1.11985652989e-21
0.014742,0.197262,0.0289898989899,0.0289898989899,0.0289898989899,0.0289898989899,0.0289898989899,0.0289898989899,0.0289898989899,0.0289898989899,0.0289898989899,0.005,0.005,0.005,,1.12511343541e-21
0.014742,0.132632,0.0289898989899,0.0289898989899,0.0289898989899,0.0289898989899,0.0289898989899,0.0289898989899,0.0289898989899,0.0289898989899,0.0289898989899,0.005,0.005,0.005,,1.12864799296e-21
0.014742,0.011802,0.0289898989899,0.0289898989899,0.0289898989899,0.0289898989899,0.0289898989899,0.0289898989899,0.0289898989899,0.0289898989899,0.0289898989899,0.005,0.005,0.005,,1.12896250867e-21
0.014742,0.017984,0.0289898989899,0.0289898989899,0.0289898989899,0.0289898989899,0.0289898989899,0.0289898989899,0.0289898989899,0.0289898989899,0.0289898989899,0.005,0.005,0.005,,1.12944177071e-21
0.014742,0.13003497,0.0289898989899,0.0289898989899,0.0289898989899,0.0289898989899,0.0289898989899,0.0289898989899,0.02,0.02,0.02,0.005,0.005,0.005,,1.13057965155e-21
0.014742,0.165672,0.0289898989899,0.0289898989899,0.0289898989899,0.0289898989899,0.0289898989899,0.0289898989899,0.0289898989899,0.0289898989899,0.0289898989899,0.005,0.005,0.005,,1.13499470386e-21
0.014742,0.014742,0.0289898989899,0.0289898989899,0.0289898989899,0.0289898989899,0.0289898989899,0.0289898989899,0.0289898989899,0.0289898989899,0.0289898989899,0.005,0.005,0.005,,1.13538756869e-21
0.014742,0.022464,0.0289898989899,0.0289898989899,0.0289898989899,0.0289898989899,0.0289898989899,0.0289898989899,0.0289898989899,0.0289898989899,0.0289898989899,0.005,0.005,0.005,,1.13598621985e-21
0.014742,0.06110512,0.0289898989899,0.0289898989899,0.0289898989899,0.0289898989899,0.0289898989899,0.0289898989899,0.02,0.02,0.02,0.005,0.005,0.005,,1.13652092482e-21
0.014742,0.009912,0.0289898989899,0.0289898989899,0.0289898989899,0.0289898989899,0.0289898989899,0.0289898989899,0.0289898989899,0.0289898989899,0.0289898989899,0.005,0.005,0.005,,1.13678507325e-21
0.014742,0.015104,0.0289898989899,0.0289898989899,0.0289898989899,0.0289898989899,0.0289898989899,0.0289898989899,0.0289898989899,0.0289898989899,0.0289898989899,0.005,0.005,0.005,,1.13718758514e-21
0.014742,0.00105777,0.0289898989899,0.0289898989899,0.0289898989899,0.0289898989899,0.0289898989899,0.0289898989899,0.02,0.02,0.02,0.005,0.005,0.005,,1.13719684124e-21
0.014742,0.001344,0.0289898989899,0.0289898989899,0.0289898989899,0.0289898989899,0.0289898989899,0.0289898989899,0.0289898989899,0.0289898989899,0.0289898989899,0.005,0.005,0.005,,1.13723265797e-21
0.014742,0.00195328,0.0289898989899,0.0289898989899,0.0289898989899,0.0289898989899,0.0289898989899,0.0289898989899,0.02,0.02,0.02,0.005,0.005,0.005,,1.1372497503e-21
0.022464,0.00842377,0.0289898989899,0.0289898989899,0.0289898989899,0.0289898989899,0.0289898989899,0.0289898989899,0.02,0.02,0.02,0.005,0.005,0.005,,1.13736207462e-21
0.022464,0.044398,0.0289898989899,0.0289898989899,0.0289898989899,0.0289898989899,0.0289898989899,0.0289898989899,0.0289898989899,0.0289898989899,0.0289898989899,0.005,0.005,0.005,,1.13916501277e-21
0.022464,0.055458,0.0289898989899,0.0289898989899,0.0289898989899,0.0289898989899,0.0289898989899,0.0289898989899,0.0289898989899,0.0289898989899,0.0289898989899,0.005,0.005,0.005,,1.14141708143e-21
0.022464,0.037288,0.0289898989899,0.0289898989899,0.0289898989899,0.0289898989899,0.0289898989899,0.0289898989899,0.0289898989899,0.0289898989899,0.0289898989899,0.005,0.005,0.005,,1.14293129283e-21
0.022464,0.003318,0.0289898989899,0.0289898989899,0.0289898989899,0.0289898989899,0.0289898989899,0.0289898989899,0.0289898989899,0.0289898989899,0.0289898989899,0.005,0.005,0.005,,1.14306603198e-21
0.022464,0.005056,0.0289898989899,0.0289898989899,0.0289898989899,0.0289898989899,0.0289898989899,0.0289898989899,0.0289898989899,0.0289898989899,0.0289898989899,0.005,0.005,0.005,,1.14327134878e-21
0.022464,0.08502217,0.0289898989899,0.0289898989899,0.0289898989899,0.0289898989899,0.0289898989899,0.0289898989899,0.02,0.02,0.02,0.005,0.005,0.005,,1.14440505229e-21
0.022464,0.197262,0.0289898989899,0.0289898989899,0.0289898989899,0.0289898989899,0.0289898989899,0.0289898989899,0.0289898989899,0.0289898989899,0.0289898989899,0.005,0.005,0.005,,1.15241557497e-21
0.022464,0.132632,0.0289898989899,0.0289898989899,0.0289898989899,0.0289898989899,0.0289898989899,0.0289898989899,0.0289898989899,0.0289898989899,0.0289898989899,0.005,0.005,0.005,,1.15780156744e-21
0.022464,0.011802,0.0289898989899,0.0289898989899,0.0289898989899,0.0289898989899,0.0289898989899,0.0289898989899,0.0289898989899,0.0289898989899,0.0289898989899,0.005,0.005,0.005,,1.15828082948e-21
0.022464,0.017984,0.0289898989899,0.0289898989899,0.0289898989899,0.0289898989899,0.0289898989899,0.0289898989899,0.0289898989899,0.0289898989899,0.0289898989899,0.005,0.005,0.005,,1.15901113354e-21
0.022464,0.13003497,0.0289898989899,0.0289898989899,0.0289898989899,0.0289898989899,0.0289898989899,0.0289898989899,0.02,0.02,0.02,0.005,0.005,0.005,,1.16074504719e-21
0.022464,0.165672,0.0289898989899,0.0289898989899,0.0289898989899,0.0289898989899,0.0289898989899,0.0289898989899,0.0289898989899,0.0289898989899,0.0289898989899,0.005,0.005,0.005,,1.16747274596e-21
0.022464,0.014742,0.0289898989899,0.0289898989899,0.0289898989899,0.0289898989899,0.0289898989899,0.0289898989899,0.0289898989899,0.0289898989899,0.0289898989899,0.005,0.005,0.005,,1.16807139712e-21
0.022464,0.022464,0.0289898989899,0.0289898989899,0.0289898989899,0.0289898989899,0.0289898989899,0.0289898989899,0.0289898989899,0.0289898989899,0.0289898989899,0.005,0.005,0.005,,1.16898362746e-21
0.022464,0.06110512,0.0289898989899,0.0289898989899,0.0289898989899,0.0289898989899,0.0289898989899,0.0289898989899,0.02,0.02,0.02,0.005,0.005,0.005,,1.16979841599e-21
0.022464,0.009912,0.0289898989899,0.0289898989899,0.0289898989899,0.0289898989899,0.0289898989899,0.0289898989899,0.0289898989899,0.0289898989899,0.0289898989899,0.005,0.005,0.005,,1.17020092788e-21
0.022464,0.015104,0.0289898989899,0.0289898989899,0.0289898989899,0.0289898989899,0.0289898989899,0.0289898989899,0.0289898989899,0.0289898989899,0.0289898989899,0.005,0.005,0.005,,1.17081427933e-21
0.022464,0.00105777,0.0289898989899,0.0289898989899,0.0289898989899,0.0289898989899,0.0289898989899,0.0289898989899,0.02,0.02,0.02,0.005,0.005,0.005,,1.17082838386e-21
0.022464,0.001344,0.0289898989899,0.0289898989899,0.0289898989899,0.0289898989899,0.0289898989899,0.0289898989899,0.0289898989899,0.0289898989899,0.0289898989899,0.005,0.005,0.005,,1.17088296174e-21
0.022464,0.00195328,0.0289898989899,0.0289898989899,0.0289898989899,0.0289898989899,0.0289898989899,0.0289898989899,0.02,0.02,0.02,0.005,0.005,0.005,,1.17090900719e-21
0.06110512,0.00842377,0.0289898989899,0.0289898989899,0.0289898989899,0.02,0.02,0.02,0.02,0.02,0.02,0.005,0.005,0.005,,1.17100933335e-21
0.06110512,0.044398,0.0289898989899,0.0289898989899,0.0289898989899,0.02,0.02,0.02,0.0289898989899,0.0289898989899,0.0289898989899,0.005,0.005,0.005,,1.17261968685e-21
0.06110512,0.055458,0.0289898989899,0.0289898989899,0.0289898989899,0.02,0.02,0.02,0.0289898989899,0.0289898989899,0.0289898989899,0.005,0.005,0.005,,1.17463119602e-21
0.06110512,0.037288,0.0289898989899,0.0289898989899,0.0289898989899,0.02,0.02,0.02,0.0289898989899,0.0289898989899,0.0289898989899,0.005,0.005,0.005,,1.17598366373e-21
0.06110512,0.003318,0.0289898989899,0.0289898989899,0.0289898989899,0.02,0.02,0.02,0.0289898989899,0.0289898989899,0.0289898989899,0.005,0.005,0.005,,1.17610401043e-21
0.06110512,0.005056,0.0289898989899,0.0289898989899,0.0289898989899,0.02,0.02,0.02,0.0289898989899,0.0289898989899,0.0289898989899,0.005,0.005,0.005,,1.17628739588e-21
0.06110512,0.08502217,0.0289898989899,0.0289898989899,0.0289898989899,0.02,0.02,0.02,0.02,0.02,0.02,0.005,0.005,0.005,,1.17730000045e-21
0.06110512,0.197262,0.0289898989899,0.0289898989899,0.0289898989899,0.02,0.02,0.02,0.0289898989899,0.0289898989899,0.0289898989899,0.005,0.005,0.005,,1.18445486219e-21
0.06110512,0.132632,0.0289898989899,0.0289898989899,0.0289898989899,0.02,0.02,0.02,0.0289898989899,0.0289898989899,0.0289898989899,0.005,0.005,0.005,,1.18926553846e-21
0.06110512,0.011802,0.0289898989899,0.0289898989899,0.0289898989899,0.02,0.02,0.02,0.0289898989899,0.0289898989899,0.0289898989899,0.005,0.005,0.005,,1.18969360711e-21
0.06110512,0.017984,0.0289898989899,0.0289898989899,0.0289898989899,0.02,0.02,0.02,0.0289898989899,0.0289898989899,0.0289898989899,0.005,0.005,0.005,,1.1903459022e-21
0.06110512,0.13003497,0.0289898989899,0.0289898989899,0.0289898989899,0.02,0.02,0.02,0.02,0.02,0.02,0.005,0.005,0.005,,1.19189460419e-21
0.06110512,0.165672,0.0289898989899,0.0289898989899,0.0289898989899,0.02,0.02,0.02,0.0289898989899,0.0289898989899,0.0289898989899,0.005,0.005,0.005,,1.19790366957e-21
0.06110512,0.014742,0.0289898989899,0.0289898989899,0.0289898989899,0.02,0.02,0.02,0.0289898989899,0.0289898989899,0.0289898989899,0.005,0.005,0.005,,1.19843837454e-21
0.06110512,0.022464,0.0289898989899,0.0289898989899,0.0289898989899,0.02,0.02,0.02,0.0289898989899,0.0289898989899,0.0289898989899,0.005,0.005,0.005,,1.19925316307e-21
0.06110512,0.06110512,0.0289898989899,0.0289898989899,0.0289898989899,0.02,0.02,0.02,0.02,0.02,0.02,0.005,0.005,0.005,,1.19998091823e-21
0.06110512,0.009912,0.0289898989899,0.0289898989899,0.0289898989899,0.02,0.02,0.02,0.0289898989899,0.0289898989899,0.0289898989899,0.005,0.005,0.005,,1.20034043497e-21
0.06110512,0.015104,0.0289898989899,0.0289898989899,0.0289898989899,0.02,0.02,0.02,0.0289898989899,0.0289898989899,0.0289898989899,0.005,0.005,0.005,,1.20088826999e-21
0.06110512,0.00105777,0.0289898989899,0.0289898989899,0.0289898989899,0.02,0.02,0.02,0.02,0.02,0.02,0.005,0.005,0.005,,1.20090086791e-21
0.06110512,0.001344,0.0289898989899,0.0289898989899,0.0289898989899,0.02,0.02,0.02,0.0289898989899,0.0289898989899,0.0289898989899,0.005,0.005,0.005,,1.20094961594e-21
0.06110512,0.00195328,0.0289898989899,0.0289898989899,0.0289898989899,0.02,0.02,0.02,0.02,0.02,0.02,0.005,0.005,0.005,,1.20097287929e-21
0.009912,0.00842377,0.0289898989899,0.0289898989899,0.0289898989899,0.0289898989899,0.0289898989899,0.0289898989899,0.02,0.02,0.02,0.005,0.005,0.005,,1.20102244119e-21
0.009912,0.044398,0.0289898989899,0.0289898989899,0.0289898989899,0.0289898989899,0.0289898989899,0.0289898989899,0.0289898989899,0.0289898989899,0.0289898989899,0.005,0.005,0.005,,1.20181796839e-21
0.009912,0.055458,0.0289898989899,0.0289898989899,0.0289898989899,0.0289898989899,0.0289898989899,0.0289898989899,0.0289898989899,0.0289898989899,0.0289898989899,0.005,0.005,0.005,,1.20281166963e-21
0.009912,0.037288,0.0289898989899,0.0289898989899,0.0289898989899,0.0289898989899,0.0289898989899,0.0289898989899,0.0289898989899,0.0289898989899,0.0289898989899,0.005,0.005,0.005,,1.20347979923e-21
0.009912,0.003318,0.0289898989899,0.0289898989899,0.0289898989899,0.0289898989899,0.0289898989899,0.0289898989899,0.0289898989899,0.0289898989899,0.0289898989899,0.005,0.005,0.005,,1.20353925144e-21
0.009912,0.005056,0.0289898989899,0.0289898989899,0.0289898989899,0.0289898989899,0.0289898989899,0.0289898989899,0.0289898989899,0.0289898989899,0.0289898989899,0.005,0.005,0.005,,1.20362984529e-21
0.009912,0.08502217,0.0289898989899,0.0289898989899,0.0289898989899,0.0289898989899,0.0289898989899,0.0289898989899,0.02,0.02,0.02,0.005,0.005,0.005,,1.20413007984e-21
0.009912,0.197262,0.0289898989899,0.0289898989899,0.0289898989899,0.0289898989899,0.0289898989899,0.0289898989899,0.0289898989899,0.0289898989899,0.0289898989899,0.005,0.005,0.005,,1.2076646374e-21
0.009912,0.132632,0.0289898989899,0.0289898989899,0.0289898989899,0.0289898989899,0.0289898989899,0.0289898989899,0.0289898989899,0.0289898989899,0.0289898989899,0.005,0.005,0.005,,1.21004114903e-21
0.009912,0.011802,0.0289898989899,0.0289898989899,0.0289898989899,0.0289898989899,0.0289898989899,0.0289898989899,0.0289898989899,0.0289898989899,0.0289898989899,0.005,0.005,0.005,,1.21025261828e-21
0.009912,0.017984,0.0289898989899,0.0289898989899,0.0289898989899,0.0289898989899,0.0289898989899,0.0289898989899,0.0289898989899,0.0289898989899,0.0289898989899,0.005,0.005,0.005,,1.21057485715e-21
0.009912,0.13003497,0.0289898989899,0.0289898989899,0.0289898989899,0.0289898989899,0.0289898989899,0.0289898989899,0.02,0.02,0.02,0.005,0.005,0.005,,1.21133992802e-21
0.009912,0.165672,0.0289898989899,0.0289898989899,0.0289898989899,0.0289898989899,0.0289898989899,0.0289898989899,0.0289898989899,0.0289898989899,0.0289898989899,0.005,0.005,0.005,,1.21430845323e-21
0.009912,0.014742,0.0289898989899,0.0289898989899,0.0289898989899,0.0289898989899,0.0289898989899,0.0289898989899,0.0289898989899,0.0289898989899,0.0289898989899,0.005,0.005,0.005,,1.21457260166e-21
0.009912,0.022464,0.0289898989899,0.0289898989899,0.0289898989899,0.0289898989899,0.0289898989899,0.0289898989899,0.0289898989899,0.0289898989899,0.0289898989899,0.005,0.005,0.005,,1.21497511355e-21
0.009912,0.06110512,0.0289898989899,0.0289898989899,0.0289898989899,0.0289898989899,0.0289898989899,0.0289898989899,0.02,0.02,0.02,0.005,0.005,0.005,,1.21533463028e-21
0.009912,0.009912,0.0289898989899,0.0289898989899,0.0289898989899,0.0289898989899,0.0289898989899,0.0289898989899,0.0289898989899,0.0289898989899,0.0289898989899,0.005,0.005,0.005,,1.21551223435e-21
0.009912,0.015104,0.0289898989899,0.0289898989899,0.0289898989899,0.0289898989899,0.0289898989899,0.0289898989899,0.0289898989899,0.0289898989899,0.0289898989899,0.005,0.005,0.005,,1.21578286913e-21
0.009912,0.00105777,0.0289898989899,0.0289898989899,0.0289898989899,0.0289898989899,0.0289898989899,0.0289898989899,0.02,0.02,0.02,0.005,0.005,0.005,,1.2157890926e-21
0.009912,0.001344,0.0289898989899,0.0289898989899,0.0289898989899,0.0289898989899,0.0289898989899,0.0289898989899,0.0289898989899,0.0289898989899,0.0289898989899,0.005,0.005,0.005,,1.21581317451e-21
0.009912,0.00195328,0.0289898989899,0.0289898989899,0.0289898989899,0.0289898989899,0.0289898989899,0.0289898989899,0.02,0.02,0.02,0.005,0.005,0.005,,1.21582466678e-21
0.015104,0.00842377,0.0289898989899,0.0289898989899,0.0289898989899,0.0289898989899,0.0289898989899,0.0289898989899,0.02,0.02,0.02,0.005,0.005,0.005,,1.21590018969e-21
0.015104,0.044398,0.0289898989899,0.0289898989899,0.0289898989899,0.0289898989899,0.0289898989899,0.0289898989899,0.0289898989899,0.0289898989899,0.0289898989899,0.005,0.005,0.005,,1.21711242161e-21
0.015104,0.055458,0.0289898989899,0.0289898989899,0.0289898989899,0.0289898989899,0.0289898989899,0.0289898989899,0.0289898989899,0.0289898989899,0.0289898989899,0.005,0.005,0.005,,1.21862663301e-21
0.015104,0.037288,0.0289898989899,0.0289898989899,0.0289898989899,0.0289898989899,0.0289898989899,0.0289898989899,0.0289898989899,0.0289898989899,0.0289898989899,0.005,0.005,0.005,,1.21964473527e-21
0.015104,0.003318,0.0289898989899,0.0289898989899,0.0289898989899,0.0289898989899,0.0289898989899,0.0289898989899,0.0289898989899,0.0289898989899,0.0289898989899,0.005,0.005,0.005,,1.21973532911e-21
0.015104,0.005056,0.0289898989899,0.0289898989899,0.0289898989899,0.0289898989899,0.0289898989899,0.0289898989899,0.0289898989899,0.0289898989899,0.0289898989899,0.005,0.005,0.005,,1.21987337688e-21
0.015104,0.08502217,0.0289898989899,0.0289898989899,0.0289898989899,0.0289898989899,0.0289898989899,0.0289898989899,0.02,0.02,0.02,0.005,0.005,0.005,,1.22063563906e-21
0.015104,0.197262,0.0289898989899,0.0289898989899,0.0289898989899,0.0289898989899,0.0289898989899,0.0289898989899,0.0289898989899,0.0289898989899,0.0289898989899,0.005,0.005,0.005,,1.22602163152e-21
0.015104,0.132632,0.0289898989899,0.0289898989899,0.0289898989899,0.0289898989899,0.0289898989899,0.0289898989899,0.0289898989899,0.0289898989899,0.0289898989899,0.005,0.005,0.005,,1.22964298258e-21
0.015104,0.011802,0.0289898989899,0.0289898989899,0.0289898989899,0.0289898989899,0.0289898989899,0.0289898989899,0.0289898989899,0.0289898989899,0.0289898989899,0.005,0.005,0.005,,1.22996522144e-21
0.015104,0.017984,0.0289898989899,0.0289898989899,0.0289898989899,0.0289898989899,0.0289898989899,0.0289898989899,0.0289898989899,0.0289898989899,0.0289898989899,0.005,0.005,0.005,,1.2304562521e-21
0.015104,0.13003497,0.0289898989899,0.0289898989899,0.0289898989899,0.0289898989899,0.0289898989899,0.0289898989899,0.02,0.02,0.02,0.005,0.005,0.005,,1.23162207438e-21
0.015104,0.165672,0.0289898989899,0.0289898989899,0.0289898989899,0.0289898989899,0.0289898989899,0.0289898989899,0.0289898989899,0.0289898989899,0.0289898989899,0.005,0.005,0.005,,1.23614554136e-21
0.015104,0.014742,0.0289898989899,0.0289898989899,0.0289898989899,0.0289898989899,0.0289898989899,0.0289898989899,0.0289898989899,0.0289898989899,0.0289898989899,0.005,0.005,0.005,,1.23654805325e-21
0.015104,0.022464,0.0289898989899,0.0289898989899,0.0289898989899,0.0289898989899,0.0289898989899,0.0289898989899,0.0289898989899,0.0289898989899,0.0289898989899,0.005,0.005,0.005,,1.2371614047e-21
0.015104,0.06110512,0.0289898989899,0.0289898989899,0.0289898989899,0.0289898989899,0.0289898989899,0.0289898989899,0.02,0.02,0.02,0.005,0.005,0.005,,1.23770923972e-21
0.015104,0.009912,0.0289898989899,0.0289898989899,0.0289898989899,0.0289898989899,0.0289898989899,0.0289898989899,0.0289898989899,0.0289898989899,0.0289898989899,0.005,0.005,0.005,,1.2379798745e-21
0.015104,0.015104,0.0289898989899,0.0289898989899,0.0289898989899,0.0289898989899,0.0289898989899,0.0289898989899,0.0289898989899,0.0289898989899,0.0289898989899,0.005,0.005,0.005,,1.23839227035e-21
0.015104,0.00105777,0.0289898989899,0.0289898989899,0.0289898989899,0.0289898989899,0.0289898989899,0.0289898989899,0.02,0.02,0.02,0.005,0.005,0.005,,1.23840175374e-21
0.015104,0.001344,0.0289898989899,0.0289898989899,0.0289898989899,0.0289898989899,0.0289898989899,0.0289898989899,0.0289898989899,0.0289898989899,0.0289898989899,0.005,0.005,0.005,,1.23843844998e-21
0.015104,0.00195328,0.0289898989899,0.0289898989899,0.0289898989899,0.0289898989899,0.0289898989899,0.0289898989899,0.02,0.02,0.02,0.005,0.005,0.005,,1.23845596202e-21
0.00105777,0.00842377,0.0289898989899,0.0289898989899,0.0289898989899,0.02,0.02,0.02,0.02,0.02,0.02,0.005,0.005,0.005,,1.23845769873e-21
0.00105777,0.044398,0.0289898989899,0.0289898989899,0.0289898989899,0.02,0.02,0.02,0.0289898989899,0.0289898989899,0.0289898989899,0.005,0.005,0.005,,1.23848557501e-21
0.00105777,0.055458,0.0289898989899,0.0289898989899,0.0289898989899,0.02,0.02,0.02,0.0289898989899,0.0289898989899,0.0289898989899,0.005,0.005,0.005,,1.23852039556e-21
0.00105777,0.037288,0.0289898989899,0.0289898989899,0.0289898989899,0.02,0.02,0.02,0.0289898989899,0.0289898989899,0.0289898989899,0.005,0.005,0.005,,1.23854380767e-21
0.00105777,0.003318,0.0289898989899,0.0289898989899,0.0289898989899,0.02,0.02,0.02,0.0289898989899,0.0289898989899,0.0289898989899,0.005,0.005,0.005,,1.23854589095e-21
0.00105777,0.005056,0.0289898989899,0.0289898989899,0.0289898989899,0.02,0.02,0.02,0.0289898989899,0.0289898989899,0.0289898989899,0.005,0.005,0.005,,1.23854906548e-21
0.00105777,0.08502217,0.0289898989899,0.0289898989899,0.0289898989899,0.02,0.02,0.02,0.02,0.02,0.02,0.005,0.005,0.005,,1.23856659433e-21
0.00105777,0.197262,0.0289898989899,0.0289898989899,0.0289898989899,0.02,0.02,0.02,0.0289898989899,0.0289898989899,0.0289898989899,0.005,0.005,0.005,,1.23869044972e-21
0.00105777,0.132632,0.0289898989899,0.0289898989899,0.0289898989899,0.02,0.02,0.02,0.0289898989899,0.0289898989899,0.0289898989899,0.005,0.005,0.005,,1.2387737257e-21
0.00105777,0.011802,0.0289898989899,0.0289898989899,0.0289898989899,0.02,0.02,0.02,0.0289898989899,0.0289898989899,0.0289898989899,0.005,0.005,0.005,,1.23878113585e-21
0.00105777,0.017984,0.0289898989899,0.0289898989899,0.0289898989899,0.02,0.02,0.02,0.0289898989899,0.0289898989899,0.0289898989899,0.005,0.005,0.005,,1.23879242751e-21
0.00105777,0.13003497,0.0289898989899,0.0289898989899,0.0289898989899,0.02,0.02,0.02,0.02,0.02,0.02,0.005,0.005,0.005,,1.23881923656e-21
0.00105777,0.165672,0.0289898989899,0.0289898989899,0.0289898989899,0.02,0.02,0.02,0.0289898989899,0.0289898989899,0.0289898989899,0.005,0.005,0.005,,1.23892325746e-21
0.00105777,0.014742,0.0289898989899,0.0289898989899,0.0289898989899,0.02,0.02,0.02,0.0289898989899,0.0289898989899,0.0289898989899,0.005,0.005,0.005,,1.23893251355e-21
0.00105777,0.022464,0.0289898989899,0.0289898989899,0.0289898989899,0.02,0.02,0.02,0.0289898989899,0.0289898989899,0.0289898989899,0.005,0.005,0.005,,1.23894661808e-21
0.00105777,0.06110512,0.0289898989899,0.0289898989899,0.0289898989899,0.02,0.02,0.02,0.02,0.02,0.02,0.005,0.005,0.005,,1.238959216e-21
0.00105777,0.009912,0.0289898989899,0.0289898989899,0.0289898989899,0.02,0.02,0.02,0.0289898989899,0.0289898989899,0.0289898989899,0.005,0.005,0.005,,1.23896543948e-21
0.00105777,0.015104,0.0289898989899,0.0289898989899,0.0289898989899,0.02,0.02,0.02,0.0289898989899,0.0289898989899,0.0289898989899,0.005,0.005,0.005,,1.23897492286e-21
0.00105777,0.00105777,0.0289898989899,0.0289898989899,0.0289898989899,0.02,0.02,0.02,0.02,0.02,0.02,0.005,0.005,0.005,,1.23897514094e-21
0.00105777,0.001344,0.0289898989899,0.0289898989899,0.0289898989899,0.02,0.02,0.02,0.0289898989899,0.0289898989899,0.0289898989899,0.005,0.005,0.005,,1.2389759848e-21
0.00105777,0.00195328,0.0289898989899,0.0289898989899,0.0289898989899,0.02,0.02,0.02,0.02,0.02,0.02,0.005,0.005,0.005,,1.2389763875e-21
0.001344,0.00842377,0.0289898989899,0.0289898989899,0.0289898989899,0.0289898989899,0.0289898989899,0.0289898989899,0.02,0.02,0.02,0.005,0.005,0.005,,1.23898310776e-21
0.001344,0.044398,0.0289898989899,0.0289898989899,0.0289898989899,0.0289898989899,0.0289898989899,0.0289898989899,0.0289898989899,0.0289898989899,0.0289898989899,0.005,0.005,0.005,,1.23909097586e-21
0.001344,0.055458,0.0289898989899,0.0289898989899,0.0289898989899,0.0289898989899,0.0289898989899,0.0289898989899,0.0289898989899,0.0289898989899,0.0289898989899,0.005,0.005,0.005,,1.23922571501e-21
0.001344,0.037288,0.0289898989899,0.0289898989899,0.0289898989899,0.0289898989899,0.0289898989899,0.0289898989899,0.0289898989899,0.0289898989899,0.0289898989899,0.005,0.005,0.005,,1.23931630885e-21
0.001344,0.003318,0.0289898989899,0.0289898989899,0.0289898989899,0.0289898989899,0.0289898989899,0.0289898989899,0.0289898989899,0.0289898989899,0.0289898989899,0.005,0.005,0.005,,1.23932437017e-21
0.001344,0.005056,0.0289898989899,0.0289898989899,0.0289898989899,0.0289898989899,0.0289898989899,0.0289898989899,0.0289898989899,0.0289898989899,0.0289898989899,0.005,0.005,0.005,,1.23933665408e-21
0.001344,0.08502217,0.0289898989899,0.0289898989899,0.0289898989899,0.0289898989899,0.0289898989899,0.0289898989899,0.02,0.02,0.02,0.005,0.005,0.005,,1.2394044825e-21
0.001344,0.197262,0.0289898989899,0.0289898989899,0.0289898989899,0.0289898989899,0.0289898989899,0.0289898989899,0.0289898989899,0.0289898989899,0.0289898989899,0.005,0.005,0.005,,1.23988374454e-21
0.001344,0.132632,0.0289898989899,0.0289898989899,0.0289898989899,0.0289898989899,0.0289898989899,0.0289898989899,0.0289898989899,0.0289898989899,0.0289898989899,0.005,0.005,0.005,,1.2402059834e-21
0.001344,0.011802,0.0289898989899,0.0289898989899,0.0289898989899,0.0289898989899,0.0289898989899,0.0289898989899,0.0289898989899,0.0289898989899,0.0289898989899,0.005,0.005,0.005,,1.2402346572e-21
0.001344,0.017984,0.0289898989899,0.0289898989899,0.0289898989899,0.0289898989899,0.0289898989899,0.0289898989899,0.0289898989899,0.0289898989899,0.0289898989899,0.005,0.005,0.005,,1.2402783506e-21
0.001344,0.13003497,0.0289898989899,0.0289898989899,0.0289898989899,0.0289898989899,0.0289898989899,0.0289898989899,0.02,0.02,0.02,0.005,0.005,0.005,,1.24038208903e-21
0.001344,0.165672,0.0289898989899,0.0289898989899,0.0289898989899,0.0289898989899,0.0289898989899,0.0289898989899,0.0289898989899,0.0289898989899,0.0289898989899,0.005,0.005,0.005,,1.24078460092e-21
0.001344,0.014742,0.0289898989899,0.0289898989899,0.0289898989899,0.0289898989899,0.0289898989899,0.0289898989899,0.0289898989899,0.0289898989899,0.0289898989899,0.005,0.005,0.005,,1.24082041766e-21
0.001344,0.022464,0.0289898989899,0.0289898989899,0.0289898989899,0.0289898989899,0.0289898989899,0.0289898989899,0.0289898989899,0.0289898989899,0.0289898989899,0.005,0.005,0.005,,1.24087499554e-21
0.001344,0.06110512,0.0289898989899,0.0289898989899,0.0289898989899,0.0289898989899,0.0289898989899,0.0289898989899,0.02,0.02,0.02,0.005,0.005,0.005,,1.24092374357e-21
0.001344,0.009912,0.0289898989899,0.0289898989899,0.0289898989899,0.0289898989899,0.0289898989899,0.0289898989899,0.0289898989899,0.0289898989899,0.0289898989899,0.005,0.005,0.005,,1.24094782548e-21
0.001344,0.015104,0.0289898989899,0.0289898989899,0.0289898989899,0.0289898989899,0.0289898989899,0.0289898989899,0.0289898989899,0.0289898989899,0.0289898989899,0.005,0.005,0.005,,1.24098452172e-21
0.001344,0.00105777,0.0289898989899,0.0289898989899,0.0289898989899,0.0289898989899,0.0289898989899,0.0289898989899,0.02,0.02,0.02,0.005,0.005,0.005,,1.24098536558e-21
0.001344,0.001344,0.0289898989899,0.0289898989899,0.0289898989899,0.0289898989899,0.0289898989899,0.0289898989899,0.0289898989899,0.0289898989899,0.0289898989899,0.005,0.005,0.005,,1.24098863092e-21
0.001344,0.00195328,0.0289898989899,0.0289898989899,0.0289898989899,0.0289898989899,0.0289898989899,0.0289898989899,0.02,0.02,0.02,0.005,0.005,0.005,,1.2409901892e-21
0.00195328,0.00842377,0.0289898989899,0.0289898989899,0.0289898989899,0.02,0.02,0.02,0.02,0.02,0.02,0.005,0.005,0.005,,1.24099339621e-21
0.00195328,0.044398,0.0289898989899,0.0289898989899,0.0289898989899,0.02,0.02,0.02,0.0289898989899,0.0289898989899,0.0289898989899,0.005,0.005,0.005,,1.24104487261e-21
0.00195328,0.055458,0.0289898989899,0.0289898989899,0.0289898989899,0.02,0.02,0.02,0.0289898989899,0.0289898989899,0.0289898989899,0.005,0.005,0.005,,1.24110917231e-21
0.00195328,0.037288,0.0289898989899,0.0289898989899,0.0289898989899,0.02,0.02,0.02,0.0289898989899,0.0289898989899,0.0289898989899,0.005,0.005,0.005,,1.24115240515e-21
0.00195328,0.003318,0.0289898989899,0.0289898989899,0.0289898989899,0.02,0.02,0.02,0.0289898989899,0.0289898989899,0.0289898989899,0.005,0.005,0.005,,1.24115625214e-21
0.00195328,0.005056,0.0289898989899,0.0289898989899,0.0289898989899,0.02,0.02,0.02,0.0289898989899,0.0289898989899,0.0289898989899,0.005,0.005,0.005,,1.24116211422e-21
0.00195328,0.08502217,0.0289898989899,0.0289898989899,0.0289898989899,0.02,0.02,0.02,0.02,0.02,0.02,0.005,0.005,0.005,,1.24119448303e-21
0.00195328,0.197262,0.0289898989899,0.0289898989899,0.0289898989899,0.02,0.02,0.02,0.0289898989899,0.0289898989899,0.0289898989899,0.005,0.005,0.005,,1.24142319461e-21
0.00195328,0.132632,0.0289898989899,0.0289898989899,0.0289898989899,0.02,0.02,0.02,0.0289898989899,0.0289898989899,0.0289898989899,0.005,0.005,0.005,,1.2415769722e-21
0.00195328,0.011802,0.0289898989899,0.0289898989899,0.0289898989899,0.02,0.02,0.02,0.0289898989899,0.0289898989899,0.0289898989899,0.005,0.005,0.005,,1.24159065579e-21
0.00195328,0.017984,0.0289898989899,0.0289898989899,0.0289898989899,0.02,0.02,0.02,0.0289898989899,0.0289898989899,0.0289898989899,0.005,0.005,0.005,,1.24161150699e-21
0.00195328,0.13003497,0.0289898989899,0.0289898989899,0.0289898989899,0.02,0.02,0.02,0.02,0.02,0.02,0.005,0.005,0.005,,1.24166101264e-21
0.00195328,0.165672,0.0289898989899,0.0289898989899,0.0289898989899,0.02,0.02,0.02,0.0289898989899,0.0289898989899,0.0289898989899,0.005,0.005,0.005,,1.24185309781e-21
0.00195328,0.014742,0.0289898989899,0.0289898989899,0.0289898989899,0.02,0.02,0.02,0.0289898989899,0.0289898989899,0.0289898989899,0.005,0.005,0.005,,1.24187019013e-21
0.00195328,0.022464,0.0289898989899,0.0289898989899,0.0289898989899,0.02,0.02,0.02,0.0289898989899,0.0289898989899,0.0289898989899,0.005,0.005,0.005,,1.24189623558e-21
0.00195328,0.06110512,0.0289898989899,0.0289898989899,0.0289898989899,0.02,0.02,0.02,0.02,0.02,0.02,0.005,0.005,0.005,,1.24191949893e-21
0.00195328,0.009912,0.0289898989899,0.0289898989899,0.0289898989899,0.02,0.02,0.02,0.0289898989899,0.0289898989899,0.0289898989899,0.005,0.005,0.005,,1.2419309912e-21
0.00195328,0.015104,0.0289898989899,0.0289898989899,0.0289898989899,0.02,0.02,0.02,0.0289898989899,0.0289898989899,0.0289898989899,0.005,0.005,0.005,,1.24194850324e-21
0.00195328,0.00105777,0.0289898989899,0.0289898989899,0.0289898989899,0.02,0.02,0.02,0.02,0.02,0.02,0.005,0.005,0.005,,1.24194890594e-21
0.00195328,0.001344,0.0289898989899,0.0289898989899,0.0289898989899,0.02,0.02,0.02,0.0289898989899,0.0289898989899,0.0289898989899,0.005,0.005,0.005,,1.24195046422e-21
0.00195328,0.00195328,0.0289898989899,0.0289898989899,0.0289898989899,0.02,0.02,0.02,0.02,0.02,0.02,0.005,0.005,0.005,,1.24195120785e-21
