0.27066393,0.27066393,0.06,0.06,0.06,0.06,0.06,0.06,0.06,0.06,0.06,0.005,0.005,0.005,,9.22851948025e-20
0.27066393,0.16929,0.06,0.06,0.06,0.06,0.06,0.06,0.02,0.02,0.02,0.005,0.005,0.005,,9.44230052282e-20
0.27066393,0.281124,0.06,0.06,0.06,0.06,0.06,0.06,0.02,0.02,0.02,0.005,0.005,0.005,,9.79730661775e-20
0.27066393,0.016416,0.06,0.06,0.06,0.06,0.06,0.06,0.02,0.02,0.02,0.005,0.005,0.005,,9.81803690067e-20
0.27066393,0.032832,0.06,0.06,0.06,0.06,0.06,0.06,0.02,0.02,0.02,0.005,0.005,0.005,,9.8594974665e-20
0.27066393,0.03135825,0.06,0.06,0.06,0.06,0.06,0.06,0.06,0.06,0.06,0.005,0.005,0.005,,1.09286839702e-19
0.27066393,0.09042,0.06,0.06,0.06,0.06,0.06,0.06,0.02,0.02,0.02,0.005,0.005,0.005,,1.10428672171e-19
0.27066393,0.00528,0.06,0.06,0.06,0.06,0.06,0.06,0.02,0.02,0.02,0.005,0.005,0.005,,1.1049534852e-19
0.27066393,0.01056,0.06,0.06,0.06,0.06,0.06,0.06,0.02,0.02,0.02,0.005,0.005,0.005,,1.10628701217e-19
0.27066393,0.08104372,0.06,0.06,0.06,0.06,0.06,0.06,0.06,0.06,0.06,0.005,0.005,0.005,,1.38261254574e-19
0.27066393,0.008768,0.06,0.06,0.06,0.06,0.06,0.06,0.02,0.02,0.02,0.005,0.005,0.005,,1.38371977723e-19
0.27066393,0.017536,0.06,0.06,0.06,0.06,0.06,0.06,0.02,0.02,0.02,0.005,0.005,0.005,,1.3859342402e-19
0.27066393,0.00072832,0.06,0.06,0.06,0.06,0.06,0.06,0.06,0.06,0.06,0.005,0.005,0.005,,1.38841750988e-19
0.27066393,0.001024,0.06,0.06,0.06,0.06,0.06,0.06,0.02,0.02,0.02,0.005,0.005,0.005,,1.38854682158e-19
0.27066393,0.00195328,0.06,0.06,0.06,0.06,0.06,0.06,0.06,0.06,0.06,0.005,0.005,0.005,,1.39520669774e-19
0.16929,0.27066393,0.06,0.06,0.06,0.02,0.02,0.02,0.06,0.06,0.06,0.005,0.005,0.005,,1.41658480199e-19
0.16929,0.16929,0.06,0.06,0.06,0.02,0.02,0.02,0.02,0.02,0.02,0.005,0.005,0.005,,1.41708003131e-19
0.16929,0.281124,0.06,0.06,0.06,0.02,0.02,0.02,0.02,0.02,0.02,0.005,0.005,0.005,,1.41790241212e-19
0.16929,0.016416,0.06,0.06,0.06,0.02,0.02,0.02,0.02,0.02,0.02,0.005,0.005,0.005,,1.41795043436e-19
0.16929,0.032832,0.06,0.06,0.06,0.02,0.02,0.02,0.02,0.02,0.02,0.005,0.005,0.005,,1.41804647883e-19
0.16929,0.03135825,0.06,0.06,0.06,0.02,0.02,0.02,0.06,0.06,0.06,0.005,0.005,0.005,,1.42052327704e-19
0.16929,0.09042,0.06,0.06,0.06,0.02,0.02,0.02,0.02,0.02,0.02,0.005,0.005,0.005,,1.42078778549e-19
0.16929,0.00528,0.06,0.06,0.06,0.02,0.02,0.02,0.02,0.02,0.02,0.005,0.005,0.005,,1.42080323124e-19
0.16929,0.01056,0.06,0.06,0.06,0.02,0.02,0.02,0.02,0.02,0.02,0.005,0.005,0.005,,1.42083412274e-19
0.16929,0.08104372,0.06,0.06,0.06,0.02,0.02,0.02,0.06,0.06,0.06,0.005,0.005,0.005,,1.42723527525e-19
0.16929,0.008768,0.06,0.06,0.06,0.02,0.02,0.02,0.02,0.02,0.02,0.005,0.005,0.005,,1.42726092455e-19
0.16929,0.017536,0.06,0.06,0.06,0.02,0.02,0.02,0.02,0.02,0.02,0.005,0.005,0.005,,1.42731222316e-19
0.16929,0.00072832,0.06,0.06,0.06,0.02,0.02,0.02,0.06,0.06,0.06,0.005,0.005,0.005,,1.42736974875e-19
0.16929,0.001024,0.06,0.06,0.06,0.02,0.02,0.02,0.02,0.02,0.02,0.005,0.005,0.005,,1.42737274429e-19
0.16929,0.00195328,0.06,0.06,0.06,0.02,0.02,0.02,0.06,0.06,0.06,0.005,0.005,0.005,,1.42752702204e-19
0.281124,0.27066393,0.06,0.06,0.06,0.02,0.02,0.02,0.06,0.06,0.06,0.005,0.005,0.005,,1.46302763153e-19
0.281124,0.16929,0.06,0.06,0.06,0.02,0.02,0.02,0.02,0.02,0.02,0.005,0.005,0.005,,1.46385001234e-19
0.281124,0.281124,0.06,0.06,0.06,0.02,0.02,0.02,0.02,0.02,0.02,0.005,0.005,0.005,,1.4652156629e-19
0.281124,0.016416,0.06,0.06,0.06,0.02,0.02,0.02,0.02,0.02,0.02,0.005,0.005,0.005,,1.46529540892e-19
0.281124,0.032832,0.06,0.06,0.06,0.02,0.02,0.02,0.02,0.02,0.02,0.005,0.005,0.005,,1.46545490095e-19
0.281124,0.03135825,0.06,0.06,0.06,0.02,0.02,0.02,0.06,0.06,0.06,0.005,0.005,0.005,,1.46956788707e-19
0.281124,0.09042,0.06,0.06,0.06,0.02,0.02,0.02,0.02,0.02,0.02,0.005,0.005,0.005,,1.4700071314e-19
0.281124,0.00528,0.06,0.06,0.06,0.02,0.02,0.02,0.02,0.02,0.02,0.005,0.005,0.005,,1.47003278071e-19
0.281124,0.01056,0.06,0.06,0.06,0.02,0.02,0.02,0.02,0.02,0.02,0.005,0.005,0.005,,1.47008407931e-19
0.281124,0.08104372,0.06,0.06,0.06,0.02,0.02,0.02,0.06,0.06,0.06,0.005,0.005,0.005,,1.48071387197e-19
0.281124,0.008768,0.06,0.06,0.06,0.02,0.02,0.02,0.02,0.02,0.02,0.005,0.005,0.005,,1.48075646536e-19
0.281124,0.017536,0.06,0.06,0.06,0.02,0.02,0.02,0.02,0.02,0.02,0.005,0.005,0.005,,1.48084165214e-19
0.281124,0.00072832,0.06,0.06,0.06,0.02,0.02,0.02,0.06,0.06,0.06,0.005,0.005,0.005,,1.48093717947e-19
0.281124,0.001024,0.06,0.06,0.06,0.02,0.02,0.02,0.02,0.02,0.02,0.005,0.005,0.005,,1.48094215389e-19
0.281124,0.00195328,0.06,0.06,0.06,0.02,0.02,0.02,0.06,0.06,0.06,0.005,0.005,0.005,,1.48119834846e-19
0.016416,0.27066393,0.06,0.06,0.06,0.02,0.02,0.02,0.06,0.06,0.06,0.005,0.005,0.005,,1.48327137675e-19
0.016416,0.16929,0.06,0.06,0.06,0.02,0.02,0.02,0.02,0.02,0.02,0.005,0.005,0.005,,1.48331939899e-19
0.016416,0.281124,0.06,0.06,0.06,0.02,0.02,0.02,0.02,0.02,0.02,0.005,0.005,0.005,,1.48339914501e-19
0.016416,0.016416,0.06,0.06,0.06,0.02,0.02,0.02,0.02,0.02,0.02,0.005,0.005,0.005,,1.48340380171e-19
0.016416,0.032832,0.06,0.06,0.06,0.02,0.02,0.02,0.02,0.02,0.02,0.005,0.005,0.005,,1.48341311511e-19
0.016416,0.03135825,0.06,0.06,0.06,0.02,0.02,0.02,0.06,0.06,0.06,0.005,0.005,0.005,,1.48365328948e-19
0.016416,0.09042,0.06,0.06,0.06,0.02,0.02,0.02,0.02,0.02,0.02,0.005,0.005,0.005,,1.48367893879e-19
0.016416,0.00528,0.06,0.06,0.06,0.02,0.02,0.02,0.02,0.02,0.02,0.005,0.005,0.005,,1.48368043656e-19
0.016416,0.01056,0.06,0.06,0.06,0.02,0.02,0.02,0.02,0.02,0.02,0.005,0.005,0.005,,1.4836834321e-19
0.016416,0.08104372,0.06,0.06,0.06,0.02,0.02,0.02,0.06,0.06,0.06,0.005,0.005,0.005,,1.48430414992e-19
0.016416,0.008768,0.06,0.06,0.06,0.02,0.02,0.02,0.02,0.02,0.02,0.005,0.005,0.005,,1.48430663712e-19
0.016416,0.017536,0.06,0.06,0.06,0.02,0.02,0.02,0.02,0.02,0.02,0.005,0.005,0.005,,1.48431161153e-19
0.016416,0.00072832,0.06,0.06,0.06,0.02,0.02,0.02,0.06,0.06,0.06,0.005,0.005,0.005,,1.48431718977e-19
0.016416,0.001024,0.06,0.06,0.06,0.02,0.02,0.02,0.02,0.02,0.02,0.005,0.005,0.005,,1.48431748025e-19
0.016416,0.00195328,0.06,0.06,0.06,0.02,0.02,0.02,0.06,0.06,0.06,0.005,0.005,0.005,,1.48433244051e-19
0.032832,0.27066393,0.06,0.06,0.06,0.02,0.02,0.02,0.06,0.06,0.06,0.005,0.005,0.005,,1.4884784971e-19
0.032832,0.16929,0.06,0.06,0.06,0.02,0.02,0.02,0.02,0.02,0.02,0.005,0.005,0.005,,1.48857454157e-19
0.032832,0.281124,0.06,0.06,0.06,0.02,0.02,0.02,0.02,0.02,0.02,0.005,0.005,0.005,,1.48873403361e-19
0.032832,0.016416,0.06,0.06,0.06,0.02,0.02,0.02,0.02,0.02,0.02,0.005,0.005,0.005,,1.48874334701e-19
0.032832,0.032832,0.06,0.06,0.06,0.02,0.02,0.02,0.02,0.02,0.02,0.005,0.005,0.005,,1.48876197382e-19
0.032832,0.03135825,0.06,0.06,0.06,0.02,0.02,0.02,0.06,0.06,0.06,0.005,0.005,0.005,,1.48924232256e-19
0.032832,0.09042,0.06,0.06,0.06,0.02,0.02,0.02,0.02,0.02,0.02,0.005,0.005,0.005,,1.48929362117e-19
0.032832,0.00528,0.06,0.06,0.06,0.02,0.02,0.02,0.02,0.02,0.02,0.005,0.005,0.005,,1.48929661671e-19
0.032832,0.01056,0.06,0.06,0.06,0.02,0.02,0.02,0.02,0.02,0.02,0.005,0.005,0.005,,1.48930260779e-19
0.032832,0.08104372,0.06,0.06,0.06,0.02,0.02,0.02,0.06,0.06,0.06,0.005,0.005,0.005,,1.49054404343e-19
0.032832,0.008768,0.06,0.06,0.06,0.02,0.02,0.02,0.02,0.02,0.02,0.005,0.005,0.005,,1.49054901784e-19
0.032832,0.017536,0.06,0.06,0.06,0.02,0.02,0.02,0.02,0.02,0.02,0.005,0.005,0.005,,1.49055896666e-19
0.032832,0.00072832,0.06,0.06,0.06,0.02,0.02,0.02,0.06,0.06,0.06,0.005,0.005,0.005,,1.49057012313e-19
0.032832,0.001024,0.06,0.06,0.06,0.02,0.02,0.02,0.02,0.02,0.02,0.005,0.005,0.005,,1.49057070409e-19
0.032832,0.00195328,0.06,0.06,0.06,0.02,0.02,0.02,0.06,0.06,0.06,0.005,0.005,0.005,,1.49060062462e-19
0.03135825,0.27066393,0.06,0.06,0.06,0.06,0.06,0.06,0.06,0.06,0.06,0.005,0.005,0.005,,1.59751927499e-19
0.03135825,0.16929,0.06,0.06,0.06,0.06,0.06,0.06,0.02,0.02,0.02,0.005,0.005,0.005,,1.5999960732e-19
0.03135825,0.281124,0.06,0.06,0.06,0.06,0.06,0.06,0.02,0.02,0.02,0.005,0.005,0.005,,1.60410905932e-19
0.03135825,0.016416,0.06,0.06,0.06,0.06,0.06,0.06,0.02,0.02,0.02,0.005,0.005,0.005,,1.6043492337e-19
0.03135825,0.032832,0.06,0.06,0.06,0.06,0.06,0.06,0.02,0.02,0.02,0.005,0.005,0.005,,1.60482958244e-19
0.03135825,0.03135825,0.06,0.06,0.06,0.06,0.06,0.06,0.06,0.06,0.06,0.005,0.005,0.005,,1.61721683244e-19
0.03135825,0.09042,0.06,0.06,0.06,0.06,0.06,0.06,0.02,0.02,0.02,0.005,0.005,0.005,,1.61853972272e-19
0.03135825,0.00528,0.06,0.06,0.06,0.06,0.06,0.06,0.02,0.02,0.02,0.005,0.005,0.005,,1.61861697178e-19
0.03135825,0.01056,0.06,0.06,0.06,0.06,0.06,0.06,0.02,0.02,0.02,0.005,0.005,0.005,,1.61877146992e-19
0.03135825,0.08104372,0.06,0.06,0.06,0.06,0.06,0.06,0.06,0.06,0.06,0.005,0.005,0.005,,1.65078565505e-19
0.03135825,0.008768,0.06,0.06,0.06,0.06,0.06,0.06,0.02,0.02,0.02,0.005,0.005,0.005,,1.65091393532e-19
0.03135825,0.017536,0.06,0.06,0.06,0.06,0.06,0.06,0.02,0.02,0.02,0.005,0.005,0.005,,1.65117049585e-19
0.03135825,0.00072832,0.06,0.06,0.06,0.06,0.06,0.06,0.06,0.06,0.06,0.005,0.005,0.005,,1.65145819947e-19
0.03135825,0.001024,0.06,0.06,0.06,0.06,0.06,0.06,0.02,0.02,0.02,0.005,0.005,0.005,,1.65147318111e-19
0.03135825,0.00195328,0.06,0.06,0.06,0.06,0.06,0.06,0.06,0.06,0.06,0.005,0.005,0.005,,1.65224477288e-19
0.09042,0.27066393,0.06,0.06,0.06,0.02,0.02,0.02,0.06,0.06,0.06,0.005,0.005,0.005,,1.66366309757e-19
0.09042,0.16929,0.06,0.06,0.06,0.02,0.02,0.02,0.02,0.02,0.02,0.005,0.005,0.005,,1.66392760602e-19
0.09042,0.281124,0.06,0.06,0.06,0.02,0.02,0.02,0.02,0.02,0.02,0.005,0.005,0.005,,1.66436685035e-19
0.09042,0.016416,0.06,0.06,0.06,0.02,0.02,0.02,0.02,0.02,0.02,0.005,0.005,0.005,,1.66439249965e-19
0.09042,0.032832,0.06,0.06,0.06,0.02,0.02,0.02,0.02,0.02,0.02,0.005,0.005,0.005,,1.66444379826e-19
0.09042,0.03135825,0.06,0.06,0.06,0.02,0.02,0.02,0.06,0.06,0.06,0.005,0.005,0.005,,1.66576668853e-19
0.09042,0.09042,0.06,0.06,0.06,0.02,0.02,0.02,0.02,0.02,0.02,0.005,0.005,0.005,,1.66590796595e-19
0.09042,0.00528,0.06,0.06,0.06,0.02,0.02,0.02,0.02,0.02,0.02,0.005,0.005,0.005,,1.66591621573e-19
0.09042,0.01056,0.06,0.06,0.06,0.02,0.02,0.02,0.02,0.02,0.02,0.005,0.005,0.005,,1.66593271528e-19
0.09042,0.08104372,0.06,0.06,0.06,0.02,0.02,0.02,0.06,0.06,0.06,0.005,0.005,0.005,,1.66935165444e-19
0.09042,0.008768,0.06,0.06,0.06,0.02,0.02,0.02,0.02,0.02,0.02,0.005,0.005,0.005,,1.66936535407e-19
0.09042,0.017536,0.06,0.06,0.06,0.02,0.02,0.02,0.02,0.02,0.02,0.005,0.005,0.005,,1.66939275332e-19
0.09042,0.00072832,0.06,0.06,0.06,0.02,0.02,0.02,0.06,0.06,0.06,0.005,0.005,0.005,,1.66942347849e-19
0.09042,0.001024,0.06,0.06,0.06,0.02,0.02,0.02,0.02,0.02,0.02,0.005,0.005,0.005,,1.66942507844e-19
0.09042,0.00195328,0.06,0.06,0.06,0.02,0.02,0.02,0.06,0.06,0.06,0.005,0.005,0.005,,1.66950748021e-19
0.00528,0.27066393,0.06,0.06,0.06,0.02,0.02,0.02,0.06,0.06,0.06,0.005,0.005,0.005,,1.67017424369e-19
0.00528,0.16929,0.06,0.06,0.06,0.02,0.02,0.02,0.02,0.02,0.02,0.005,0.005,0.005,,1.67018968944e-19
0.00528,0.281124,0.06,0.06,0.06,0.02,0.02,0.02,0.02,0.02,0.02,0.005,0.005,0.005,,1.67021533875e-19
0.00528,0.016416,0.06,0.06,0.06,0.02,0.02,0.02,0.02,0.02,0.02,0.005,0.005,0.005,,1.67021683652e-19
0.00528,0.032832,0.06,0.06,0.06,0.02,0.02,0.02,0.02,0.02,0.02,0.005,0.005,0.005,,1.67021983206e-19
0.00528,0.03135825,0.06,0.06,0.06,0.02,0.02,0.02,0.06,0.06,0.06,0.005,0.005,0.005,,1.67029708112e-19
0.00528,0.09042,0.06,0.06,0.06,0.02,0.02,0.02,0.02,0.02,0.02,0.005,0.005,0.005,,1.6703053309e-19
0.00528,0.00528,0.06,0.06,0.06,0.02,0.02,0.02,0.02,0.02,0.02,0.005,0.005,0.005,,1.67030581264e-19
0.00528,0.01056,0.06,0.06,0.06,0.02,0.02,0.02,0.02,0.02,0.02,0.005,0.005,0.005,,1.67030677611e-19
0.00528,0.08104372,0.06,0.06,0.06,0.02,0.02,0.02,0.06,0.06,0.06,0.005,0.005,0.005,,1.6705064222e-19
0.00528,0.008768,0.06,0.06,0.06,0.02,0.02,0.02,0.02,0.02,0.02,0.005,0.005,0.005,,1.67050722218e-19
0.00528,0.017536,0.06,0.06,0.06,0.02,0.02,0.02,0.02,0.02,0.02,0.005,0.005,0.005,,1.67050882213e-19
0.00528,0.00072832,0.06,0.06,0.06,0.02,0.02,0.02,0.06,0.06,0.06,0.005,0.005,0.005,,1.6705106163e-19
0.00528,0.001024,0.06,0.06,0.06,0.02,0.02,0.02,0.02,0.02,0.02,0.005,0.005,0.005,,1.67051070973e-19
0.00528,0.00195328,0.06,0.06,0.06,0.02,0.02,0.02,0.06,0.06,0.06,0.005,0.005,0.005,,1.67051552151e-19
0.01056,0.27066393,0.06,0.06,0.06,0.02,0.02,0.02,0.06,0.06,0.06,0.005,0.005,0.005,,1.67184904848e-19
0.01056,0.16929,0.06,0.06,0.06,0.02,0.02,0.02,0.02,0.02,0.02,0.005,0.005,0.005,,1.67187993998e-19
0.01056,0.281124,0.06,0.06,0.06,0.02,0.02,0.02,0.02,0.02,0.02,0.005,0.005,0.005,,1.67193123859e-19
0.01056,0.016416,0.06,0.06,0.06,0.02,0.02,0.02,0.02,0.02,0.02,0.005,0.005,0.005,,1.67193423413e-19
0.01056,0.032832,0.06,0.06,0.06,0.02,0.02,0.02,0.02,0.02,0.02,0.005,0.005,0.005,,1.67194022521e-19
0.01056,0.03135825,0.06,0.06,0.06,0.02,0.02,0.02,0.06,0.06,0.06,0.005,0.005,0.005,,1.67209472334e-19
0.01056,0.09042,0.06,0.06,0.06,0.02,0.02,0.02,0.02,0.02,0.02,0.005,0.005,0.005,,1.67211122289e-19
0.01056,0.00528,0.06,0.06,0.06,0.02,0.02,0.02,0.02,0.02,0.02,0.005,0.005,0.005,,1.67211218637e-19
0.01056,0.01056,0.06,0.06,0.06,0.02,0.02,0.02,0.02,0.02,0.02,0.005,0.005,0.005,,1.67211411332e-19
0.01056,0.08104372,0.06,0.06,0.06,0.02,0.02,0.02,0.06,0.06,0.06,0.005,0.005,0.005,,1.67251340549e-19
0.01056,0.008768,0.06,0.06,0.06,0.02,0.02,0.02,0.02,0.02,0.02,0.005,0.005,0.005,,1.67251500545e-19
0.01056,0.017536,0.06,0.06,0.06,0.02,0.02,0.02,0.02,0.02,0.02,0.005,0.005,0.005,,1.67251820536e-19
0.01056,0.00072832,0.06,0.06,0.06,0.02,0.02,0.02,0.06,0.06,0.06,0.005,0.005,0.005,,1.6725217937e-19
0.01056,0.001024,0.06,0.06,0.06,0.02,0.02,0.02,0.02,0.02,0.02,0.005,0.005,0.005,,1.67252198056e-19
0.01056,0.00195328,0.06,0.06,0.06,0.02,0.02,0.02,0.06,0.06,0.06,0.005,0.005,0.005,,1.67253160412e-19
0.08104372,0.27066393,0.06,0.06,0.06,0.06,0.06,0.06,0.06,0.06,0.06,0.005,0.005,0.005,,1.9488571377e-19
0.08104372,0.16929,0.06,0.06,0.06,0.06,0.06,0.06,0.02,0.02,0.02,0.005,0.005,0.005,,1.95525829021e-19
0.08104372,0.281124,0.06,0.06,0.06,0.06,0.06,0.06,0.02,0.02,0.02,0.005,0.005,0.005,,1.96588808287e-19
0.08104372,0.016416,0.06,0.06,0.06,0.06,0.06,0.06,0.02,0.02,0.02,0.005,0.005,0.005,,1.96650880068e-19
0.08104372,0.032832,0.06,0.06,0.06,0.06,0.06,0.06,0.02,0.02,0.02,0.005,0.005,0.005,,1.96775023632e-19
0.08104372,0.03135825,0.06,0.06,0.06,0.06,0.06,0.06,0.06,0.06,0.06,0.005,0.005,0.005,,1.99976442145e-19
0.08104372,0.09042,0.06,0.06,0.06,0.06,0.06,0.06,0.02,0.02,0.02,0.005,0.005,0.005,,2.00318336061e-19
0.08104372,0.00528,0.06,0.06,0.06,0.06,0.06,0.06,0.02,0.02,0.02,0.005,0.005,0.005,,2.0033830067e-19
0.08104372,0.01056,0.06,0.06,0.06,0.06,0.06,0.06,0.02,0.02,0.02,0.005,0.005,0.005,,2.00378229886e-19
0.08104372,0.08104372,0.06,0.06,0.06,0.06,0.06,0.06,0.06,0.06,0.06,0.005,0.005,0.005,,2.08652124812e-19
0.08104372,0.008768,0.06,0.06,0.06,0.06,0.06,0.06,0.02,0.02,0.02,0.005,0.005,0.005,,2.08685278162e-19
0.08104372,0.017536,0.06,0.06,0.06,0.06,0.06,0.06,0.02,0.02,0.02,0.005,0.005,0.005,,2.08751584861e-19
0.08104372,0.00072832,0.06,0.06,0.06,0.06,0.06,0.06,0.06,0.06,0.06,0.005,0.005,0.005,,2.08825940322e-19
0.08104372,0.001024,0.06,0.06,0.06,0.06,0.06,0.06,0.02,0.02,0.02,0.005,0.005,0.005,,2.08829812246e-19
0.08104372,0.00195328,0.06,0.06,0.06,0.06,0.06,0.06,0.06,0.06,0.06,0.005,0.005,0.005,,2.09029226012e-19
0.008768,0.27066393,0.06,0.06,0.06,0.02,0.02,0.02,0.06,0.06,0.06,0.005,0.005,0.005,,2.09139949161e-19
0.008768,0.16929,0.06,0.06,0.06,0.02,0.02,0.02,0.02,0.02,0.02,0.005,0.005,0.005,,2.09142514091e-19
0.008768,0.281124,0.06,0.06,0.06,0.02,0.02,0.02,0.02,0.02,0.02,0.005,0.005,0.005,,2.0914677343e-19
0.008768,0.016416,0.06,0.06,0.06,0.02,0.02,0.02,0.02,0.02,0.02,0.005,0.005,0.005,,2.09147022151e-19
0.008768,0.032832,0.06,0.06,0.06,0.02,0.02,0.02,0.02,0.02,0.02,0.005,0.005,0.005,,2.09147519592e-19
0.008768,0.03135825,0.06,0.06,0.06,0.02,0.02,0.02,0.06,0.06,0.06,0.005,0.005,0.005,,2.09160347619e-19
0.008768,0.09042,0.06,0.06,0.06,0.02,0.02,0.02,0.02,0.02,0.02,0.005,0.005,0.005,,2.09161717582e-19
0.008768,0.00528,0.06,0.06,0.06,0.02,0.02,0.02,0.02,0.02,0.02,0.005,0.005,0.005,,2.09161797579e-19
0.008768,0.01056,0.06,0.06,0.06,0.02,0.02,0.02,0.02,0.02,0.02,0.005,0.005,0.005,,2.09161957575e-19
0.008768,0.08104372,0.06,0.06,0.06,0.02,0.02,0.02,0.06,0.06,0.06,0.005,0.005,0.005,,2.09195110924e-19
0.008768,0.008768,0.06,0.06,0.06,0.02,0.02,0.02,0.02,0.02,0.02,0.005,0.005,0.005,,2.09195243769e-19
0.008768,0.017536,0.06,0.06,0.06,0.02,0.02,0.02,0.02,0.02,0.02,0.005,0.005,0.005,,2.09195509459e-19
0.008768,0.00072832,0.06,0.06,0.06,0.02,0.02,0.02,0.06,0.06,0.06,0.005,0.005,0.005,,2.091958074e-19
0.008768,0.001024,0.06,0.06,0.06,0.02,0.02,0.02,0.02,0.02,0.02,0.005,0.005,0.005,,2.09195822915e-19
0.008768,0.00195328,0.06,0.06,0.06,0.02,0.02,0.02,0.06,0.06,0.06,0.005,0.005,0.005,,2.09196621962e-19
0.017536,0.27066393,0.06,0.06,0.06,0.02,0.02,0.02,0.06,0.06,0.06,0.005,0.005,0.005,,2.09418068259e-19
0.017536,0.16929,0.06,0.06,0.06,0.02,0.02,0.02,0.02,0.02,0.02,0.005,0.005,0.005,,2.0942319812e-19
0.017536,0.281124,0.06,0.06,0.06,0.02,0.02,0.02,0.02,0.02,0.02,0.005,0.005,0.005,,2.09431716798e-19
0.017536,0.016416,0.06,0.06,0.06,0.02,0.02,0.02,0.02,0.02,0.02,0.005,0.005,0.005,,2.09432214239e-19
0.017536,0.032832,0.06,0.06,0.06,0.02,0.02,0.02,0.02,0.02,0.02,0.005,0.005,0.005,,2.09433209121e-19
0.017536,0.03135825,0.06,0.06,0.06,0.02,0.02,0.02,0.06,0.06,0.06,0.005,0.005,0.005,,2.09458865175e-19
0.017536,0.09042,0.06,0.06,0.06,0.02,0.02,0.02,0.02,0.02,0.02,0.005,0.005,0.005,,2.09461605101e-19
0.017536,0.00528,0.06,0.06,0.06,0.02,0.02,0.02,0.02,0.02,0.02,0.005,0.005,0.005,,2.09461765096e-19
0.017536,0.01056,0.06,0.06,0.06,0.02,0.02,0.02,0.02,0.02,0.02,0.005,0.005,0.005,,2.09462085088e-19
0.017536,0.08104372,0.06,0.06,0.06,0.02,0.02,0.02,0.06,0.06,0.06,0.005,0.005,0.005,,2.09528391786e-19
0.017536,0.008768,0.06,0.06,0.06,0.02,0.02,0.02,0.02,0.02,0.02,0.005,0.005,0.005,,2.09528657476e-19
0.017536,0.017536,0.06,0.06,0.06,0.02,0.02,0.02,0.02,0.02,0.02,0.005,0.005,0.005,,2.09529188856e-19
0.017536,0.00072832,0.06,0.06,0.06,0.02,0.02,0.02,0.06,0.06,0.06,0.005,0.005,0.005,,2.09529784738e-19
0.017536,0.001024,0.06,0.06,0.06,0.02,0.02,0.02,0.02,0.02,0.02,0.005,0.005,0.005,,2.09529815767e-19
0.017536,0.00195328,0.06,0.06,0.06,0.02,0.02,0.02,0.06,0.06,0.06,0.005,0.005,0.005,,2.09531413862e-19
0.00072832,0.27066393,0.06,0.06,0.06,0.06,0.06,0.06,0.06,0.06,0.06,0.005,0.005,0.005,,2.0977974083e-19
0.00072832,0.16929,0.06,0.06,0.06,0.06,0.06,0.06,0.02,0.02,0.02,0.005,0.005,0.005,,2.09785493388e-19
0.00072832,0.281124,0.06,0.06,0.06,0.06,0.06,0.06,0.02,0.02,0.02,0.005,0.005,0.005,,2.09795046122e-19
0.00072832,0.016416,0.06,0.06,0.06,0.06,0.06,0.06,0.02,0.02,0.02,0.005,0.005,0.005,,2.09795603946e-19
0.00072832,0.032832,0.06,0.06,0.06,0.06,0.06,0.06,0.02,0.02,0.02,0.005,0.005,0.005,,2.09796719593e-19
0.00072832,0.03135825,0.06,0.06,0.06,0.06,0.06,0.06,0.06,0.06,0.06,0.005,0.005,0.005,,2.09825489955e-19
0.00072832,0.09042,0.06,0.06,0.06,0.06,0.06,0.06,0.02,0.02,0.02,0.005,0.005,0.005,,2.09828562472e-19
0.00072832,0.00528,0.06,0.06,0.06,0.06,0.06,0.06,0.02,0.02,0.02,0.005,0.005,0.005,,2.09828741889e-19
0.00072832,0.01056,0.06,0.06,0.06,0.06,0.06,0.06,0.02,0.02,0.02,0.005,0.005,0.005,,2.09829100723e-19
0.00072832,0.08104372,0.06,0.06,0.06,0.06,0.06,0.06,0.06,0.06,0.06,0.005,0.005,0.005,,2.09903456184e-19
0.00072832,0.008768,0.06,0.06,0.06,0.06,0.06,0.06,0.02,0.02,0.02,0.005,0.005,0.005,,2.09903754125e-19
0.00072832,0.017536,0.06,0.06,0.06,0.06,0.06,0.06,0.02,0.02,0.02,0.005,0.005,0.005,,2.09904350007e-19
0.00072832,0.00072832,0.06,0.06,0.06,0.06,0.06,0.06,0.06,0.06,0.06,0.005,0.005,0.005,,2.09905018221e-19
0.00072832,0.001024,0.06,0.06,0.06,0.06,0.06,0.06,0.02,0.02,0.02,0.005,0.005,0.005,,2.09905053017e-19
0.00072832,0.00195328,0.06,0.06,0.06,0.06,0.06,0.06,0.06,0.06,0.06,0.005,0.005,0.005,,2.099068451e-19
0.001024,0.27066393,0.06,0.06,0.06,0.02,0.02,0.02,0.06,0.06,0.06,0.005,0.005,0.005,,2.0991977627e-19
0.001024,0.16929,0.06,0.06,0.06,0.02,0.02,0.02,0.02,0.02,0.02,0.005,0.005,0.005,,2.09920075824e-19
0.001024,0.281124,0.06,0.06,0.06,0.02,0.02,0.02,0.02,0.02,0.02,0.005,0.005,0.005,,2.09920573265e-19
0.001024,0.016416,0.06,0.06,0.06,0.02,0.02,0.02,0.02,0.02,0.02,0.005,0.005,0.005,,2.09920602313e-19
0.001024,0.032832,0.06,0.06,0.06,0.02,0.02,0.02,0.02,0.02,0.02,0.005,0.005,0.005,,2.09920660408e-19
0.001024,0.03135825,0.06,0.06,0.06,0.02,0.02,0.02,0.06,0.06,0.06,0.005,0.005,0.005,,2.09922158572e-19
0.001024,0.09042,0.06,0.06,0.06,0.02,0.02,0.02,0.02,0.02,0.02,0.005,0.005,0.005,,2.09922318567e-19
0.001024,0.00528,0.06,0.06,0.06,0.02,0.02,0.02,0.02,0.02,0.02,0.005,0.005,0.005,,2.0992232791e-19
0.001024,0.01056,0.06,0.06,0.06,0.02,0.02,0.02,0.02,0.02,0.02,0.005,0.005,0.005,,2.09922346596e-19
0.001024,0.08104372,0.06,0.06,0.06,0.02,0.02,0.02,0.06,0.06,0.06,0.005,0.005,0.005,,2.0992621852e-19
0.001024,0.008768,0.06,0.06,0.06,0.02,0.02,0.02,0.02,0.02,0.02,0.005,0.005,0.005,,2.09926234035e-19
0.001024,0.017536,0.06,0.06,0.06,0.02,0.02,0.02,0.02,0.02,0.02,0.005,0.005,0.005,,2.09926265064e-19
0.001024,0.00072832,0.06,0.06,0.06,0.02,0.02,0.02,0.06,0.06,0.06,0.005,0.005,0.005,,2.0992629986e-19
0.001024,0.001024,0.06,0.06,0.06,0.02,0.02,0.02,0.02,0.02,0.02,0.005,0.005,0.005,,2.09926301672e-19
0.001024,0.00195328,0.06,0.06,0.06,0.02,0.02,0.02,0.06,0.06,0.06,0.005,0.005,0.005,,2.09926394992e-19
0.00195328,0.27066393,0.06,0.06,0.06,0.06,0.06,0.06,0.06,0.06,0.06,0.005,0.005,0.005,,2.10592382607e-19
0.00195328,0.16929,0.06,0.06,0.06,0.06,0.06,0.06,0.02,0.02,0.02,0.005,0.005,0.005,,2.10607810382e-19
0.00195328,0.281124,0.06,0.06,0.06,0.06,0.06,0.06,0.02,0.02,0.02,0.005,0.005,0.005,,2.1063342984e-19
0.00195328,0.016416,0.06,0.06,0.06,0.06,0.06,0.06,0.02,0.02,0.02,0.005,0.005,0.005,,2.10634925867e-19
0.00195328,0.032832,0.06,0.06,0.06,0.06,0.06,0.06,0.02,0.02,0.02,0.005,0.005,0.005,,2.1063791792e-19
0.00195328,0.03135825,0.06,0.06,0.06,0.06,0.06,0.06,0.06,0.06,0.06,0.005,0.005,0.005,,2.10715077097e-19
0.00195328,0.09042,0.06,0.06,0.06,0.06,0.06,0.06,0.02,0.02,0.02,0.005,0.005,0.005,,2.10723317274e-19
0.00195328,0.00528,0.06,0.06,0.06,0.06,0.06,0.06,0.02,0.02,0.02,0.005,0.005,0.005,,2.10723798452e-19
0.00195328,0.01056,0.06,0.06,0.06,0.06,0.06,0.06,0.02,0.02,0.02,0.005,0.005,0.005,,2.10724760808e-19
0.00195328,0.08104372,0.06,0.06,0.06,0.06,0.06,0.06,0.06,0.06,0.06,0.005,0.005,0.005,,2.10924174575e-19
0.00195328,0.008768,0.06,0.06,0.06,0.06,0.06,0.06,0.02,0.02,0.02,0.005,0.005,0.005,,2.10924973622e-19
0.00195328,0.017536,0.06,0.06,0.06,0.06,0.06,0.06,0.02,0.02,0.02,0.005,0.005,0.005,,2.10926571717e-19
0.00195328,0.00072832,0.06,0.06,0.06,0.06,0.06,0.06,0.06,0.06,0.06,0.005,0.005,0.005,,2.109283638e-19
0.00195328,0.001024,0.06,0.06,0.06,0.06,0.06,0.06,0.02,0.02,0.02,0.005,0.005,0.005,,2.10928457119e-19
0.00195328,0.00195328,0.06,0.06,0.06,0.06,0.06,0.06,0.06,0.06,0.06,0.005,0.005,0.005,,2.10933263302e-19
