0.39641472,0.39641472,0.06,0.06,0.06,0.06,0.06,0.06,0.06,0.06,0.06,0.005,0.005,0.005,,1.9795697644e-19
0.39641472,0.14976,0.06,0.06,0.06,0.06,0.06,0.06,0.02,0.02,0.02,0.005,0.005,0.005,,2.00726806386e-19
0.39641472,0.217152,0.06,0.06,0.06,0.06,0.06,0.06,0.02,0.02,0.02,0.005,0.005,0.005,,2.04743059808e-19
0.39641472,0.026208,0.06,0.06,0.06,0.06,0.06,0.06,0.02,0.02,0.02,0.005,0.005,0.005,,2.05227780049e-19
0.39641472,0.076128,0.06,0.06,0.06,0.06,0.06,0.06,0.02,0.02,0.02,0.005,0.005,0.005,,2.06635776938e-19
0.39641472,0.017568,0.06,0.06,0.06,0.06,0.06,0.06,0.06,0.06,0.06,0.005,0.005,0.005,,2.15408680634e-19
0.39641472,0.04176,0.06,0.06,0.06,0.06,0.06,0.06,0.02,0.02,0.02,0.005,0.005,0.005,,2.16181037061e-19
0.39641472,0.00504,0.06,0.06,0.06,0.06,0.06,0.06,0.02,0.02,0.02,0.005,0.005,0.005,,2.16274252492e-19
0.39641472,0.01464,0.06,0.06,0.06,0.06,0.06,0.06,0.02,0.02,0.02,0.005,0.005,0.005,,2.16545021125e-19
0.39641472,0.03458772,0.06,0.06,0.06,0.06,0.06,0.06,0.06,0.06,0.06,0.005,0.005,0.005,,2.33817034821e-19
0.39641472,0.007308,0.06,0.06,0.06,0.06,0.06,0.06,0.02,0.02,0.02,0.005,0.005,0.005,,2.33952197196e-19
0.39641472,0.021228,0.06,0.06,0.06,0.06,0.06,0.06,0.02,0.02,0.02,0.005,0.005,0.005,,2.34344811713e-19
0.39641472,0.00105777,0.06,0.06,0.06,0.06,0.06,0.06,0.06,0.06,0.06,0.005,0.005,0.005,,2.34873028604e-19
0.39641472,0.002562,0.06,0.06,0.06,0.06,0.06,0.06,0.02,0.02,0.02,0.005,0.005,0.005,,2.34920413115e-19
0.39641472,0.00543937,0.06,0.06,0.06,0.06,0.06,0.06,0.06,0.06,0.06,0.005,0.005,0.005,,2.37636662498e-19
0.14976,0.39641472,0.06,0.06,0.06,0.02,0.02,0.02,0.06,0.06,0.06,0.005,0.005,0.005,,2.40406492445e-19
0.14976,0.14976,0.06,0.06,0.06,0.02,0.02,0.02,0.02,0.02,0.02,0.005,0.005,0.005,,2.40445248128e-19
0.14976,0.217152,0.06,0.06,0.06,0.02,0.02,0.02,0.02,0.02,0.02,0.005,0.005,0.005,,2.4050144387e-19
0.14976,0.026208,0.06,0.06,0.06,0.02,0.02,0.02,0.02,0.02,0.02,0.005,0.005,0.005,,2.40508226114e-19
0.14976,0.076128,0.06,0.06,0.06,0.02,0.02,0.02,0.02,0.02,0.02,0.005,0.005,0.005,,2.4052792692e-19
0.14976,0.017568,0.06,0.06,0.06,0.02,0.02,0.02,0.06,0.06,0.06,0.005,0.005,0.005,,2.40650678095e-19
0.14976,0.04176,0.06,0.06,0.06,0.02,0.02,0.02,0.02,0.02,0.02,0.005,0.005,0.005,,2.40661484968e-19
0.14976,0.00504,0.06,0.06,0.06,0.02,0.02,0.02,0.02,0.02,0.02,0.005,0.005,0.005,,2.40662789246e-19
0.14976,0.01464,0.06,0.06,0.06,0.02,0.02,0.02,0.02,0.02,0.02,0.005,0.005,0.005,,2.40666577862e-19
0.14976,0.03458772,0.06,0.06,0.06,0.02,0.02,0.02,0.06,0.06,0.06,0.005,0.005,0.005,,2.40908249268e-19
0.14976,0.007308,0.06,0.06,0.06,0.02,0.02,0.02,0.02,0.02,0.02,0.005,0.005,0.005,,2.40910140471e-19
0.14976,0.021228,0.06,0.06,0.06,0.02,0.02,0.02,0.02,0.02,0.02,0.005,0.005,0.005,,2.40915633965e-19
0.14976,0.00105777,0.06,0.06,0.06,0.02,0.02,0.02,0.06,0.06,0.06,0.005,0.005,0.005,,2.40923024818e-19
0.14976,0.002562,0.06,0.06,0.06,0.02,0.02,0.02,0.02,0.02,0.02,0.005,0.005,0.005,,2.40923687826e-19
0.14976,0.00543937,0.06,0.06,0.06,0.02,0.02,0.02,0.06,0.06,0.06,0.005,0.005,0.005,,2.40961693806e-19
0.217152,0.39641472,0.06,0.06,0.06,0.02,0.02,0.02,0.06,0.06,0.06,0.005,0.005,0.005,,2.44977947228e-19
0.217152,0.14976,0.06,0.06,0.06,0.02,0.02,0.02,0.02,0.02,0.02,0.005,0.005,0.005,,2.45034142969e-19
0.217152,0.217152,0.06,0.06,0.06,0.02,0.02,0.02,0.02,0.02,0.02,0.005,0.005,0.005,,2.45115626794e-19
0.217152,0.026208,0.06,0.06,0.06,0.02,0.02,0.02,0.02,0.02,0.02,0.005,0.005,0.005,,2.45125461048e-19
0.217152,0.076128,0.06,0.06,0.06,0.02,0.02,0.02,0.02,0.02,0.02,0.005,0.005,0.005,,2.45154027217e-19
0.217152,0.017568,0.06,0.06,0.06,0.02,0.02,0.02,0.06,0.06,0.06,0.005,0.005,0.005,,2.4533201642e-19
0.217152,0.04176,0.06,0.06,0.06,0.02,0.02,0.02,0.02,0.02,0.02,0.005,0.005,0.005,,2.45347686386e-19
0.217152,0.00504,0.06,0.06,0.06,0.02,0.02,0.02,0.02,0.02,0.02,0.005,0.005,0.005,,2.45349577589e-19
0.217152,0.01464,0.06,0.06,0.06,0.02,0.02,0.02,0.02,0.02,0.02,0.005,0.005,0.005,,2.45355071083e-19
0.217152,0.03458772,0.06,0.06,0.06,0.02,0.02,0.02,0.06,0.06,0.06,0.005,0.005,0.005,,2.45705494621e-19
0.217152,0.007308,0.06,0.06,0.06,0.02,0.02,0.02,0.02,0.02,0.02,0.005,0.005,0.005,,2.45708236865e-19
0.217152,0.021228,0.06,0.06,0.06,0.02,0.02,0.02,0.02,0.02,0.02,0.005,0.005,0.005,,2.45716202432e-19
0.217152,0.00105777,0.06,0.06,0.06,0.02,0.02,0.02,0.06,0.06,0.06,0.005,0.005,0.005,,2.45726919169e-19
0.217152,0.002562,0.06,0.06,0.06,0.02,0.02,0.02,0.02,0.02,0.02,0.005,0.005,0.005,,2.4572788053e-19
0.217152,0.00543937,0.06,0.06,0.06,0.02,0.02,0.02,0.06,0.06,0.06,0.005,0.005,0.005,,2.45782989201e-19
0.026208,0.39641472,0.06,0.06,0.06,0.02,0.02,0.02,0.06,0.06,0.06,0.005,0.005,0.005,,2.46267709442e-19
0.026208,0.14976,0.06,0.06,0.06,0.02,0.02,0.02,0.02,0.02,0.02,0.005,0.005,0.005,,2.46274491687e-19
0.026208,0.217152,0.06,0.06,0.06,0.02,0.02,0.02,0.02,0.02,0.02,0.005,0.005,0.005,,2.46284325941e-19
0.026208,0.026208,0.06,0.06,0.06,0.02,0.02,0.02,0.02,0.02,0.02,0.005,0.005,0.005,,2.46285512834e-19
0.026208,0.076128,0.06,0.06,0.06,0.02,0.02,0.02,0.02,0.02,0.02,0.005,0.005,0.005,,2.46288960475e-19
0.026208,0.017568,0.06,0.06,0.06,0.02,0.02,0.02,0.06,0.06,0.06,0.005,0.005,0.005,,2.46310441931e-19
0.026208,0.04176,0.06,0.06,0.06,0.02,0.02,0.02,0.02,0.02,0.02,0.005,0.005,0.005,,2.46312333133e-19
0.026208,0.00504,0.06,0.06,0.06,0.02,0.02,0.02,0.02,0.02,0.02,0.005,0.005,0.005,,2.46312561382e-19
0.026208,0.01464,0.06,0.06,0.06,0.02,0.02,0.02,0.02,0.02,0.02,0.005,0.005,0.005,,2.4631322439e-19
0.026208,0.03458772,0.06,0.06,0.06,0.02,0.02,0.02,0.06,0.06,0.06,0.005,0.005,0.005,,2.46355516886e-19
0.026208,0.007308,0.06,0.06,0.06,0.02,0.02,0.02,0.02,0.02,0.02,0.005,0.005,0.005,,2.46355847846e-19
0.026208,0.021228,0.06,0.06,0.06,0.02,0.02,0.02,0.02,0.02,0.02,0.005,0.005,0.005,,2.46356809208e-19
0.026208,0.00105777,0.06,0.06,0.06,0.02,0.02,0.02,0.06,0.06,0.06,0.005,0.005,0.005,,2.46358102607e-19
0.026208,0.002562,0.06,0.06,0.06,0.02,0.02,0.02,0.02,0.02,0.02,0.005,0.005,0.005,,2.46358218634e-19
0.026208,0.00543937,0.06,0.06,0.06,0.02,0.02,0.02,0.06,0.06,0.06,0.005,0.005,0.005,,2.4636486968e-19
0.076128,0.39641472,0.06,0.06,0.06,0.02,0.02,0.02,0.06,0.06,0.06,0.005,0.005,0.005,,2.47772866569e-19
0.076128,0.14976,0.06,0.06,0.06,0.02,0.02,0.02,0.02,0.02,0.02,0.005,0.005,0.005,,2.47792567375e-19
0.076128,0.217152,0.06,0.06,0.06,0.02,0.02,0.02,0.02,0.02,0.02,0.005,0.005,0.005,,2.47821133544e-19
0.076128,0.026208,0.06,0.06,0.06,0.02,0.02,0.02,0.02,0.02,0.02,0.005,0.005,0.005,,2.47824581185e-19
0.076128,0.076128,0.06,0.06,0.06,0.02,0.02,0.02,0.02,0.02,0.02,0.005,0.005,0.005,,2.47834595761e-19
0.076128,0.017568,0.06,0.06,0.06,0.02,0.02,0.02,0.06,0.06,0.06,0.005,0.005,0.005,,2.47896994275e-19
0.076128,0.04176,0.06,0.06,0.06,0.02,0.02,0.02,0.02,0.02,0.02,0.005,0.005,0.005,,2.47902487769e-19
0.076128,0.00504,0.06,0.06,0.06,0.02,0.02,0.02,0.02,0.02,0.02,0.005,0.005,0.005,,2.47903150777e-19
0.076128,0.01464,0.06,0.06,0.06,0.02,0.02,0.02,0.02,0.02,0.02,0.005,0.005,0.005,,2.47905076657e-19
0.076128,0.03458772,0.06,0.06,0.06,0.02,0.02,0.02,0.06,0.06,0.06,0.005,0.005,0.005,,2.48027926288e-19
0.076128,0.007308,0.06,0.06,0.06,0.02,0.02,0.02,0.02,0.02,0.02,0.005,0.005,0.005,,2.48028887649e-19
0.076128,0.021228,0.06,0.06,0.06,0.02,0.02,0.02,0.02,0.02,0.02,0.005,0.005,0.005,,2.48031680175e-19
0.076128,0.00105777,0.06,0.06,0.06,0.02,0.02,0.02,0.06,0.06,0.06,0.005,0.005,0.005,,2.48035437192e-19
0.076128,0.002562,0.06,0.06,0.06,0.02,0.02,0.02,0.02,0.02,0.02,0.005,0.005,0.005,,2.48035774221e-19
0.076128,0.00543937,0.06,0.06,0.06,0.02,0.02,0.02,0.06,0.06,0.06,0.005,0.005,0.005,,2.48055093928e-19
0.017568,0.39641472,0.06,0.06,0.06,0.06,0.06,0.06,0.06,0.06,0.06,0.005,0.005,0.005,,2.56827997624e-19
0.017568,0.14976,0.06,0.06,0.06,0.06,0.06,0.06,0.02,0.02,0.02,0.005,0.005,0.005,,2.56950748798e-19
0.017568,0.217152,0.06,0.06,0.06,0.06,0.06,0.06,0.02,0.02,0.02,0.005,0.005,0.005,,2.57128738001e-19
0.017568,0.026208,0.06,0.06,0.06,0.06,0.06,0.06,0.02,0.02,0.02,0.005,0.005,0.005,,2.57150219457e-19
0.017568,0.076128,0.06,0.06,0.06,0.06,0.06,0.06,0.02,0.02,0.02,0.005,0.005,0.005,,2.57212617971e-19
0.017568,0.017568,0.06,0.06,0.06,0.06,0.06,0.06,0.06,0.06,0.06,0.005,0.005,0.005,,2.5760140871e-19
0.017568,0.04176,0.06,0.06,0.06,0.06,0.06,0.06,0.02,0.02,0.02,0.005,0.005,0.005,,2.57635637403e-19
0.017568,0.00504,0.06,0.06,0.06,0.06,0.06,0.06,0.02,0.02,0.02,0.005,0.005,0.005,,2.57639768452e-19
0.017568,0.01464,0.06,0.06,0.06,0.06,0.06,0.06,0.02,0.02,0.02,0.005,0.005,0.005,,2.57651768166e-19
0.017568,0.03458772,0.06,0.06,0.06,0.06,0.06,0.06,0.06,0.06,0.06,0.005,0.005,0.005,,2.58417215869e-19
0.017568,0.007308,0.06,0.06,0.06,0.06,0.06,0.06,0.02,0.02,0.02,0.005,0.005,0.005,,2.5842320589e-19
0.017568,0.021228,0.06,0.06,0.06,0.06,0.06,0.06,0.02,0.02,0.02,0.005,0.005,0.005,,2.58440605475e-19
0.017568,0.00105777,0.06,0.06,0.06,0.06,0.06,0.06,0.06,0.06,0.06,0.005,0.005,0.005,,2.58464014582e-19
0.017568,0.002562,0.06,0.06,0.06,0.06,0.06,0.06,0.02,0.02,0.02,0.005,0.005,0.005,,2.58466114532e-19
0.017568,0.00543937,0.06,0.06,0.06,0.06,0.06,0.06,0.06,0.06,0.06,0.005,0.005,0.005,,2.58586491165e-19
0.04176,0.39641472,0.06,0.06,0.06,0.02,0.02,0.02,0.06,0.06,0.06,0.005,0.005,0.005,,2.59358847592e-19
0.04176,0.14976,0.06,0.06,0.06,0.02,0.02,0.02,0.02,0.02,0.02,0.005,0.005,0.005,,2.59369654465e-19
0.04176,0.217152,0.06,0.06,0.06,0.02,0.02,0.02,0.02,0.02,0.02,0.005,0.005,0.005,,2.59385324431e-19
0.04176,0.026208,0.06,0.06,0.06,0.02,0.02,0.02,0.02,0.02,0.02,0.005,0.005,0.005,,2.59387215634e-19
0.04176,0.076128,0.06,0.06,0.06,0.02,0.02,0.02,0.02,0.02,0.02,0.005,0.005,0.005,,2.59392709128e-19
0.04176,0.017568,0.06,0.06,0.06,0.02,0.02,0.02,0.06,0.06,0.06,0.005,0.005,0.005,,2.59426937821e-19
0.04176,0.04176,0.06,0.06,0.06,0.02,0.02,0.02,0.02,0.02,0.02,0.005,0.005,0.005,,2.59429951276e-19
0.04176,0.00504,0.06,0.06,0.06,0.02,0.02,0.02,0.02,0.02,0.02,0.005,0.005,0.005,,2.59430314969e-19
0.04176,0.01464,0.06,0.06,0.06,0.02,0.02,0.02,0.02,0.02,0.02,0.005,0.005,0.005,,2.5943137141e-19
0.04176,0.03458772,0.06,0.06,0.06,0.02,0.02,0.02,0.06,0.06,0.06,0.005,0.005,0.005,,2.59498760552e-19
0.04176,0.007308,0.06,0.06,0.06,0.02,0.02,0.02,0.02,0.02,0.02,0.005,0.005,0.005,,2.59499287907e-19
0.04176,0.021228,0.06,0.06,0.06,0.02,0.02,0.02,0.02,0.02,0.02,0.005,0.005,0.005,,2.59500819746e-19
0.04176,0.00105777,0.06,0.06,0.06,0.02,0.02,0.02,0.06,0.06,0.06,0.005,0.005,0.005,,2.59502880657e-19
0.04176,0.002562,0.06,0.06,0.06,0.02,0.02,0.02,0.02,0.02,0.02,0.005,0.005,0.005,,2.59503065535e-19
0.04176,0.00543937,0.06,0.06,0.06,0.02,0.02,0.02,0.06,0.06,0.06,0.005,0.005,0.005,,2.59513663356e-19
0.00504,0.39641472,0.06,0.06,0.06,0.02,0.02,0.02,0.06,0.06,0.06,0.005,0.005,0.005,,2.59606878787e-19
0.00504,0.14976,0.06,0.06,0.06,0.02,0.02,0.02,0.02,0.02,0.02,0.005,0.005,0.005,,2.59608183065e-19
0.00504,0.217152,0.06,0.06,0.06,0.02,0.02,0.02,0.02,0.02,0.02,0.005,0.005,0.005,,2.59610074268e-19
0.00504,0.026208,0.06,0.06,0.06,0.02,0.02,0.02,0.02,0.02,0.02,0.005,0.005,0.005,,2.59610302516e-19
0.00504,0.076128,0.06,0.06,0.06,0.02,0.02,0.02,0.02,0.02,0.02,0.005,0.005,0.005,,2.59610965524e-19
0.00504,0.017568,0.06,0.06,0.06,0.02,0.02,0.02,0.06,0.06,0.06,0.005,0.005,0.005,,2.59615096573e-19
0.00504,0.04176,0.06,0.06,0.06,0.02,0.02,0.02,0.02,0.02,0.02,0.005,0.005,0.005,,2.59615460266e-19
0.00504,0.00504,0.06,0.06,0.06,0.02,0.02,0.02,0.02,0.02,0.02,0.005,0.005,0.005,,2.5961550416e-19
0.00504,0.01464,0.06,0.06,0.06,0.02,0.02,0.02,0.02,0.02,0.02,0.005,0.005,0.005,,2.59615631662e-19
0.00504,0.03458772,0.06,0.06,0.06,0.02,0.02,0.02,0.06,0.06,0.06,0.005,0.005,0.005,,2.59623764834e-19
0.00504,0.007308,0.06,0.06,0.06,0.02,0.02,0.02,0.02,0.02,0.02,0.005,0.005,0.005,,2.5962382848e-19
0.00504,0.021228,0.06,0.06,0.06,0.02,0.02,0.02,0.02,0.02,0.02,0.005,0.005,0.005,,2.59624013357e-19
0.00504,0.00105777,0.06,0.06,0.06,0.02,0.02,0.02,0.06,0.06,0.06,0.005,0.005,0.005,,2.59624262088e-19
0.00504,0.002562,0.06,0.06,0.06,0.02,0.02,0.02,0.02,0.02,0.02,0.005,0.005,0.005,,2.59624284401e-19
0.00504,0.00543937,0.06,0.06,0.06,0.02,0.02,0.02,0.06,0.06,0.06,0.005,0.005,0.005,,2.59625563448e-19
0.01464,0.39641472,0.06,0.06,0.06,0.02,0.02,0.02,0.06,0.06,0.06,0.005,0.005,0.005,,2.59896332081e-19
0.01464,0.14976,0.06,0.06,0.06,0.02,0.02,0.02,0.02,0.02,0.02,0.005,0.005,0.005,,2.59900120697e-19
0.01464,0.217152,0.06,0.06,0.06,0.02,0.02,0.02,0.02,0.02,0.02,0.005,0.005,0.005,,2.59905614191e-19
0.01464,0.026208,0.06,0.06,0.06,0.02,0.02,0.02,0.02,0.02,0.02,0.005,0.005,0.005,,2.59906277199e-19
0.01464,0.076128,0.06,0.06,0.06,0.02,0.02,0.02,0.02,0.02,0.02,0.005,0.005,0.005,,2.59908203079e-19
0.01464,0.017568,0.06,0.06,0.06,0.02,0.02,0.02,0.06,0.06,0.06,0.005,0.005,0.005,,2.59920202793e-19
0.01464,0.04176,0.06,0.06,0.06,0.02,0.02,0.02,0.02,0.02,0.02,0.005,0.005,0.005,,2.59921259234e-19
0.01464,0.00504,0.06,0.06,0.06,0.02,0.02,0.02,0.02,0.02,0.02,0.005,0.005,0.005,,2.59921386736e-19
0.01464,0.01464,0.06,0.06,0.06,0.02,0.02,0.02,0.02,0.02,0.02,0.005,0.005,0.005,,2.59921757097e-19
0.01464,0.03458772,0.06,0.06,0.06,0.02,0.02,0.02,0.06,0.06,0.06,0.005,0.005,0.005,,2.59945382026e-19
0.01464,0.007308,0.06,0.06,0.06,0.02,0.02,0.02,0.02,0.02,0.02,0.005,0.005,0.005,,2.59945566904e-19
0.01464,0.021228,0.06,0.06,0.06,0.02,0.02,0.02,0.02,0.02,0.02,0.005,0.005,0.005,,2.59946103928e-19
0.01464,0.00105777,0.06,0.06,0.06,0.02,0.02,0.02,0.06,0.06,0.06,0.005,0.005,0.005,,2.59946826431e-19
0.01464,0.002562,0.06,0.06,0.06,0.02,0.02,0.02,0.02,0.02,0.02,0.005,0.005,0.005,,2.59946891244e-19
0.01464,0.00543937,0.06,0.06,0.06,0.02,0.02,0.02,0.06,0.06,0.06,0.005,0.005,0.005,,2.59950606573e-19
0.03458772,0.39641472,0.06,0.06,0.06,0.06,0.06,0.06,0.06,0.06,0.06,0.005,0.005,0.005,,2.77222620269e-19
0.03458772,0.14976,0.06,0.06,0.06,0.06,0.06,0.06,0.02,0.02,0.02,0.005,0.005,0.005,,2.77464291674e-19
0.03458772,0.217152,0.06,0.06,0.06,0.06,0.06,0.06,0.02,0.02,0.02,0.005,0.005,0.005,,2.77814715213e-19
0.03458772,0.026208,0.06,0.06,0.06,0.06,0.06,0.06,0.02,0.02,0.02,0.005,0.005,0.005,,2.77857007709e-19
0.03458772,0.076128,0.06,0.06,0.06,0.06,0.06,0.06,0.02,0.02,0.02,0.005,0.005,0.005,,2.7797985734e-19
0.03458772,0.017568,0.06,0.06,0.06,0.06,0.06,0.06,0.06,0.06,0.06,0.005,0.005,0.005,,2.78745305042e-19
0.03458772,0.04176,0.06,0.06,0.06,0.06,0.06,0.06,0.02,0.02,0.02,0.005,0.005,0.005,,2.78812694184e-19
0.03458772,0.00504,0.06,0.06,0.06,0.06,0.06,0.06,0.02,0.02,0.02,0.005,0.005,0.005,,2.78820827357e-19
0.03458772,0.01464,0.06,0.06,0.06,0.06,0.06,0.06,0.02,0.02,0.02,0.005,0.005,0.005,,2.78844452286e-19
0.03458772,0.03458772,0.06,0.06,0.06,0.06,0.06,0.06,0.06,0.06,0.06,0.005,0.005,0.005,,2.80351458821e-19
0.03458772,0.007308,0.06,0.06,0.06,0.06,0.06,0.06,0.02,0.02,0.02,0.005,0.005,0.005,,2.8036325192e-19
0.03458772,0.021228,0.06,0.06,0.06,0.06,0.06,0.06,0.02,0.02,0.02,0.005,0.005,0.005,,2.80397508068e-19
0.03458772,0.00105777,0.06,0.06,0.06,0.06,0.06,0.06,0.06,0.06,0.06,0.005,0.005,0.005,,2.80443595705e-19
0.03458772,0.002562,0.06,0.06,0.06,0.06,0.06,0.06,0.02,0.02,0.02,0.005,0.005,0.005,,2.80447730068e-19
0.03458772,0.00543937,0.06,0.06,0.06,0.06,0.06,0.06,0.06,0.06,0.06,0.005,0.005,0.005,,2.80684726497e-19
0.007308,0.39641472,0.06,0.06,0.06,0.02,0.02,0.02,0.06,0.06,0.06,0.005,0.005,0.005,,2.80819888872e-19
0.007308,0.14976,0.06,0.06,0.06,0.02,0.02,0.02,0.02,0.02,0.02,0.005,0.005,0.005,,2.80821780075e-19
0.007308,0.217152,0.06,0.06,0.06,0.02,0.02,0.02,0.02,0.02,0.02,0.005,0.005,0.005,,2.80824522319e-19
0.007308,0.026208,0.06,0.06,0.06,0.02,0.02,0.02,0.02,0.02,0.02,0.005,0.005,0.005,,2.80824853279e-19
0.007308,0.076128,0.06,0.06,0.06,0.02,0.02,0.02,0.02,0.02,0.02,0.005,0.005,0.005,,2.80825814641e-19
0.007308,0.017568,0.06,0.06,0.06,0.02,0.02,0.02,0.06,0.06,0.06,0.005,0.005,0.005,,2.80831804662e-19
0.007308,0.04176,0.06,0.06,0.06,0.02,0.02,0.02,0.02,0.02,0.02,0.005,0.005,0.005,,2.80832332016e-19
0.007308,0.00504,0.06,0.06,0.06,0.02,0.02,0.02,0.02,0.02,0.02,0.005,0.005,0.005,,2.80832395663e-19
0.007308,0.01464,0.06,0.06,0.06,0.02,0.02,0.02,0.02,0.02,0.02,0.005,0.005,0.005,,2.8083258054e-19
0.007308,0.03458772,0.06,0.06,0.06,0.02,0.02,0.02,0.06,0.06,0.06,0.005,0.005,0.005,,2.8084437364e-19
0.007308,0.007308,0.06,0.06,0.06,0.02,0.02,0.02,0.02,0.02,0.02,0.005,0.005,0.005,,2.80844465927e-19
0.007308,0.021228,0.06,0.06,0.06,0.02,0.02,0.02,0.02,0.02,0.02,0.005,0.005,0.005,,2.80844733999e-19
0.007308,0.00105777,0.06,0.06,0.06,0.02,0.02,0.02,0.06,0.06,0.06,0.005,0.005,0.005,,2.80845094658e-19
0.007308,0.002562,0.06,0.06,0.06,0.02,0.02,0.02,0.02,0.02,0.02,0.005,0.005,0.005,,2.80845127012e-19
0.007308,0.00543937,0.06,0.06,0.06,0.02,0.02,0.02,0.06,0.06,0.06,0.005,0.005,0.005,,2.8084698163e-19
0.021228,0.39641472,0.06,0.06,0.06,0.02,0.02,0.02,0.06,0.06,0.06,0.005,0.005,0.005,,2.81239596148e-19
0.021228,0.14976,0.06,0.06,0.06,0.02,0.02,0.02,0.02,0.02,0.02,0.005,0.005,0.005,,2.81245089642e-19
0.021228,0.217152,0.06,0.06,0.06,0.02,0.02,0.02,0.02,0.02,0.02,0.005,0.005,0.005,,2.81253055208e-19
0.021228,0.026208,0.06,0.06,0.06,0.02,0.02,0.02,0.02,0.02,0.02,0.005,0.005,0.005,,2.81254016569e-19
0.021228,0.076128,0.06,0.06,0.06,0.02,0.02,0.02,0.02,0.02,0.02,0.005,0.005,0.005,,2.81256809095e-19
0.021228,0.017568,0.06,0.06,0.06,0.02,0.02,0.02,0.06,0.06,0.06,0.005,0.005,0.005,,2.81274208681e-19
0.021228,0.04176,0.06,0.06,0.06,0.02,0.02,0.02,0.02,0.02,0.02,0.005,0.005,0.005,,2.81275740521e-19
0.021228,0.00504,0.06,0.06,0.06,0.02,0.02,0.02,0.02,0.02,0.02,0.005,0.005,0.005,,2.81275925398e-19
0.021228,0.01464,0.06,0.06,0.06,0.02,0.02,0.02,0.02,0.02,0.02,0.005,0.005,0.005,,2.81276462422e-19
0.021228,0.03458772,0.06,0.06,0.06,0.02,0.02,0.02,0.06,0.06,0.06,0.005,0.005,0.005,,2.81310718569e-19
0.021228,0.007308,0.06,0.06,0.06,0.02,0.02,0.02,0.02,0.02,0.02,0.005,0.005,0.005,,2.81310986641e-19
0.021228,0.021228,0.06,0.06,0.06,0.02,0.02,0.02,0.02,0.02,0.02,0.005,0.005,0.005,,2.81311765326e-19
0.021228,0.00105777,0.06,0.06,0.06,0.02,0.02,0.02,0.06,0.06,0.06,0.005,0.005,0.005,,2.81312812956e-19
0.021228,0.002562,0.06,0.06,0.06,0.02,0.02,0.02,0.02,0.02,0.02,0.005,0.005,0.005,,2.81312906935e-19
0.021228,0.00543937,0.06,0.06,0.06,0.02,0.02,0.02,0.06,0.06,0.06,0.005,0.005,0.005,,2.81318294161e-19
0.00105777,0.39641472,0.06,0.06,0.06,0.06,0.06,0.06,0.06,0.06,0.06,0.005,0.005,0.005,,2.81846511052e-19
0.00105777,0.14976,0.06,0.06,0.06,0.06,0.06,0.06,0.02,0.02,0.02,0.005,0.005,0.005,,2.81853901905e-19
0.00105777,0.217152,0.06,0.06,0.06,0.06,0.06,0.06,0.02,0.02,0.02,0.005,0.005,0.005,,2.81864618643e-19
0.00105777,0.026208,0.06,0.06,0.06,0.06,0.06,0.06,0.02,0.02,0.02,0.005,0.005,0.005,,2.81865912042e-19
0.00105777,0.076128,0.06,0.06,0.06,0.06,0.06,0.06,0.02,0.02,0.02,0.005,0.005,0.005,,2.81869669059e-19
0.00105777,0.017568,0.06,0.06,0.06,0.06,0.06,0.06,0.06,0.06,0.06,0.005,0.005,0.005,,2.81893078165e-19
0.00105777,0.04176,0.06,0.06,0.06,0.06,0.06,0.06,0.02,0.02,0.02,0.005,0.005,0.005,,2.81895139076e-19
0.00105777,0.00504,0.06,0.06,0.06,0.06,0.06,0.06,0.02,0.02,0.02,0.005,0.005,0.005,,2.81895387807e-19
0.00105777,0.01464,0.06,0.06,0.06,0.06,0.06,0.06,0.02,0.02,0.02,0.005,0.005,0.005,,2.8189611031e-19
0.00105777,0.03458772,0.06,0.06,0.06,0.06,0.06,0.06,0.06,0.06,0.06,0.005,0.005,0.005,,2.81942197948e-19
0.00105777,0.007308,0.06,0.06,0.06,0.06,0.06,0.06,0.02,0.02,0.02,0.005,0.005,0.005,,2.81942558607e-19
0.00105777,0.021228,0.06,0.06,0.06,0.06,0.06,0.06,0.02,0.02,0.02,0.005,0.005,0.005,,2.81943606237e-19
0.00105777,0.00105777,0.06,0.06,0.06,0.06,0.06,0.06,0.06,0.06,0.06,0.005,0.005,0.005,,2.819450157e-19
0.00105777,0.002562,0.06,0.06,0.06,0.06,0.06,0.06,0.02,0.02,0.02,0.005,0.005,0.005,,2.81945142138e-19
0.00105777,0.00543937,0.06,0.06,0.06,0.06,0.06,0.06,0.06,0.06,0.06,0.005,0.005,0.005,,2.8195239002e-19
0.002562,0.39641472,0.06,0.06,0.06,0.02,0.02,0.02,0.06,0.06,0.06,0.005,0.005,0.005,,2.81999774531e-19
0.002562,0.14976,0.06,0.06,0.06,0.02,0.02,0.02,0.02,0.02,0.02,0.005,0.005,0.005,,2.82000437539e-19
0.002562,0.217152,0.06,0.06,0.06,0.02,0.02,0.02,0.02,0.02,0.02,0.005,0.005,0.005,,2.820013989e-19
0.002562,0.026208,0.06,0.06,0.06,0.02,0.02,0.02,0.02,0.02,0.02,0.005,0.005,0.005,,2.82001514927e-19
0.002562,0.076128,0.06,0.06,0.06,0.02,0.02,0.02,0.02,0.02,0.02,0.005,0.005,0.005,,2.82001851956e-19
0.002562,0.017568,0.06,0.06,0.06,0.02,0.02,0.02,0.06,0.06,0.06,0.005,0.005,0.005,,2.82003951906e-19
0.002562,0.04176,0.06,0.06,0.06,0.02,0.02,0.02,0.02,0.02,0.02,0.005,0.005,0.005,,2.82004136783e-19
0.002562,0.00504,0.06,0.06,0.06,0.02,0.02,0.02,0.02,0.02,0.02,0.005,0.005,0.005,,2.82004159096e-19
0.002562,0.01464,0.06,0.06,0.06,0.02,0.02,0.02,0.02,0.02,0.02,0.005,0.005,0.005,,2.82004223909e-19
0.002562,0.03458772,0.06,0.06,0.06,0.02,0.02,0.02,0.06,0.06,0.06,0.005,0.005,0.005,,2.82008358272e-19
0.002562,0.007308,0.06,0.06,0.06,0.02,0.02,0.02,0.02,0.02,0.02,0.005,0.005,0.005,,2.82008390625e-19
0.002562,0.021228,0.06,0.06,0.06,0.02,0.02,0.02,0.02,0.02,0.02,0.005,0.005,0.005,,2.82008484604e-19
0.002562,0.00105777,0.06,0.06,0.06,0.02,0.02,0.02,0.06,0.06,0.06,0.005,0.005,0.005,,2.82008611042e-19
0.002562,0.002562,0.06,0.06,0.06,0.02,0.02,0.02,0.02,0.02,0.02,0.005,0.005,0.005,,2.82008622385e-19
0.002562,0.00543937,0.06,0.06,0.06,0.02,0.02,0.02,0.06,0.06,0.06,0.005,0.005,0.005,,2.82009272567e-19
0.00543937,0.39641472,0.06,0.06,0.06,0.06,0.06,0.06,0.06,0.06,0.06,0.005,0.005,0.005,,2.84725521951e-19
0.00543937,0.14976,0.06,0.06,0.06,0.06,0.06,0.06,0.02,0.02,0.02,0.005,0.005,0.005,,2.84763527931e-19
0.00543937,0.217152,0.06,0.06,0.06,0.06,0.06,0.06,0.02,0.02,0.02,0.005,0.005,0.005,,2.84818636602e-19
0.00543937,0.026208,0.06,0.06,0.06,0.06,0.06,0.06,0.02,0.02,0.02,0.005,0.005,0.005,,2.84825287648e-19
0.00543937,0.076128,0.06,0.06,0.06,0.06,0.06,0.06,0.02,0.02,0.02,0.005,0.005,0.005,,2.84844607355e-19
0.00543937,0.017568,0.06,0.06,0.06,0.06,0.06,0.06,0.06,0.06,0.06,0.005,0.005,0.005,,2.84964983988e-19
0.00543937,0.04176,0.06,0.06,0.06,0.06,0.06,0.06,0.02,0.02,0.02,0.005,0.005,0.005,,2.84975581809e-19
0.00543937,0.00504,0.06,0.06,0.06,0.06,0.06,0.06,0.02,0.02,0.02,0.005,0.005,0.005,,2.84976860856e-19
0.00543937,0.01464,0.06,0.06,0.06,0.06,0.06,0.06,0.02,0.02,0.02,0.005,0.005,0.005,,2.84980576185e-19
0.00543937,0.03458772,0.06,0.06,0.06,0.06,0.06,0.06,0.06,0.06,0.06,0.005,0.005,0.005,,2.85217572614e-19
0.00543937,0.007308,0.06,0.06,0.06,0.06,0.06,0.06,0.02,0.02,0.02,0.005,0.005,0.005,,2.85219427233e-19
0.00543937,0.021228,0.06,0.06,0.06,0.06,0.06,0.06,0.02,0.02,0.02,0.005,0.005,0.005,,2.85224814458e-19
0.00543937,0.00105777,0.06,0.06,0.06,0.06,0.06,0.06,0.06,0.06,0.06,0.005,0.005,0.005,,2.8523206234e-19
0.00543937,0.002562,0.06,0.06,0.06,0.06,0.06,0.06,0.02,0.02,0.02,0.005,0.005,0.005,,2.85232712523e-19
0.00543937,0.00543937,0.06,0.06,0.06,0.06,0.06,0.06,0.06,0.06,0.06,0.005,0.005,0.005,,2.85269983302e-19
